Standardized Domain (Node Label),Merged Terms from Original Dataset
Inhibitory Control,"Response inhibition, inhibitory motor control, motor inhibition, affective/emotional inhibition, impulse control, response control"
Attention & Vigilance,"Sustained attention, vigilance/inattention, continuous performance, general attention, selective attention, attentional switching/orienting, signal detection"
Working Memory,"Verbal working memory, general working memory, WM updating/comparison, visuospatial working memory, visual short-term memory capacity"
Performance & Conflict Monitoring,"Conflict monitoring, reactive cognitive control, error monitoring, automatic error detection, conscious error evaluation, post-error slowing, self-monitoring/error correction"
Motor & Response Preparation,"Motor response preparation, stimulus-driven preparation, action engagement/activation, execution of prepared motor responses, motor dexterity, intra-subject RT variability"
Cognitive Flexibility & Set-Shifting,"Set-shifting, cognitive shifts in strategic responses to changing environmental contingencies"
Processing Speed & Information Processing,"Processing speed, visual processing speed, information processing"
Cognitive Control & Regulation,"Proactive cognitive control, interference control, general executive functions (EFs), state regulation"
General Reasoning & Intelligence,"Abstract reasoning, general intellectual ability"
Language & Verbal Ability,"Language (vocabulary, phonology, spelling, reading), verbal phonologic ability"