study_id,short_id,channel_nr,sampling_freq,offline reference,online reference,eeg_preprocessing_steps,eeg_analysis_method,epoch segment,baseline correction interval,other information,epoch_start,epoch_end,baseline_start
Bekker_2005,Bekker05,62,250,Re-referenced to average reference,Left mastoid,1_2_6_8_9,"Event-related potentials (ERPs) were computed for successful and failed stops, mapping the N1 at FCz and the stop P3 at Cz. Topographical mapping and single bilateral dipole source modeling were conducted using BESA 2.2",−100 to 1552 ms relative to S1/S2,−100 to 0 ms pre-stimulus,Absolute amplitude threshold of ±100 μV,-100,1552,-100
Deiber_2020,Cowley22,64,500,Common average reference,Recorded with a CPz reference and re-referenced offline to a common-average reference,1_2_4_5_6_7_8_9_11,"Preprocessing using Computational Testing Automated Preprocessing (CTAP) toolbox based on EEGLAB; re-referencing to average mastoids; filtering (2 Hz high-pass, 45 Hz low-pass); blink detection via CTAP; decomposition using FastICA; artifact rejection using FASTER toolbox and manual inspection; Time-Frequency Representations (TFRs) calculated using Morlet wavelets",2048 ms epochs (CTAP processing),N/A (spectral / time-frequency analysis),Automated FASTER toolbox (thresholds based on exceeding ±3 SD of mean channel variance) plus visual inspection,,,
Deiber_2021,Deiber20,64,500,Common average reference,CPz,2_3_6_7_8_9,"Spectral Power Analysis: Using Brain Vision Analyzer 2, Fast Fourier Transform (FFT) was applied to 2048 ms non-overlapping Hanning-windowed epochs, yielding a frequency resolution of 0.5 Hz. Relative alpha power (8–12 Hz) was calculated by dividing absolute alpha power by the full spectrum power (1.5 to 40 Hz) and averaged across all 64 electrodes. For topographical analysis, the EEG was filtered with a 0.5 to 40 Hz band-pass filter and a 55–65 Hz notch filter using the Neurophysiological Biomarker Toolbox (NBT); Event-Related Desynchronization (ERD) Analysis: For the Continuous Performance Task (CPT), EEG data was segmented into 1900 ms epochs (beginning 800 ms before stimulus onset) for correct Go and NoGo trials. A time-frequency analysis using a continuum wavelet transform (complex Morlet's wavelets) was applied from 1 to 30 Hz in 1-Hz steps. Alpha ERD amplitude (8–12 Hz) was calculated relative to a pre-stimulus baseline (-800 to -100 ms) and averaged over 28 posterior electrode",−200 to 1000 ms (ERD: −800 to 1100 ms),−100 to 0 ms pre-stimulus,Automated FASTER toolbox (thresholds based on exceeding ±3 SD of mean channel variance),-200,1000,-100
Diamanti_2025,Deiber21,64,500,Common average reference,Cpz,01_02_06_07_08_09,"baseline correction, locked on letter onset epochs",−800 to 800 ms relative to button press/feedback,−200 to −100 ms pre-response,Automated rejection of epochs with voltage steps >50 μV/ms or absolute deflections exceeding ±100 μV,-800,800,-200
Doehnert_2013,Diamanti25,32,500,Average reference,Fpz,01_02_06_08_09,"baseline correction, grand average wave form, Each component was identified in the grand average difference waveform and analyzed at the sites and latencies of their peak activity (Luck, 2014). Hence, Ne was scored at median frontocentral (FC1, FCz, FC2) and central (C1, Cz, C2) electrodes, between –20 and 100 ms around time point 0. Pe was scored at median central (C1, Cz, C2) and centroparietal (CP1, CPz, CP2) electrodes, between 60 and 500 ms following time-point 0.",−200 to 1500 ms relative to S1 and S2,None (explicitly no baseline subtraction),Absolute amplitude threshold of ±100 μV,-200,1500,
Cowley_2022,Doehnert13,128,512,average of the two mastoids ,CMS/DRL online,1_2_6_7_8_9,"Amplitudes of the ERP maps were calculated as global field power (GFP), which measures the root mean square of all voltages in a map to reflect overall map strength. Microstates were identified through adaptive segmentation of the grand mean across groups and conditions. Additionally, automatic peak amplitude and latency detection was employed specifically for the Cue P300 and NoGo P300 components",−1000 to 1000 ms relative to target onset,−1000 to 0 ms (−1000 to −900 ms for phase),Automated FASTER toolbox (thresholds based on exceeding ±3 SD of mean channel variance) plus visual inspection,-1000,1000,-1000
Fisher_2011,Fisher11,21,256,Average reference,center of the chin,1_2_8_9,"A partially automatic peak detection algorithm, which was overseen by two experts to correct for edge effects or ambiguous peaks, was used to determine the latency and amplitude of various ERP components. Additionally, Low Resolution Electromagnetic Tomography (LORETA) was used to estimate source current density distributions",−300 to 1000 ms relative to tone onset,800–820 ms post-stimulus reference,Absolute amplitude threshold of ±100 μV,-300,1000,800
Freichel_2024,Freichel24,40,256,Re-referenced to the common average,Linked_Ears,02_07_09,"Independent components were determined for epochs locked to the onset of stimulus and based on similarity in space, time and frequency dimensions. Custom scripts based on EEGLab were used. Even-related spectral pertubations were extracted from ICs",−1000 to 2000 ms relative to encoding onset,−1000 to −600 ms (SDRT) / −900 to −300 ms (CPT),na,-1000,2000,-1000
Gorman_Bozorgpour_2013,Gorman13,27,200,Average reference,right mastoid,1_2_3_6_8_9,"LRPs: Measured maximally at the C3/C4 motor cortex electrodes. Amplitude was scored as the average voltage in an early window (152–250 ms) and a late window (252–500 ms) minus the prestimulus baseline. LRP onset latency was scored using a jackknife approach, defined automatically as the first time sample ≤−0.5 μV relative to baseline; P3b (P402) ERPs: Averaged by condition without the LRP subtraction procedure
. It was scored as the mean of the 250–550 ms window, with latency identified as the timing of the largest amplitude within this window",−200 to 1000 ms relative to lateralized stimulus,−150 to 0 ms pre-stimulus,Absolute amplitude threshold of ±100 μV,-200,1000,-150
Grane_2016,Grane16,19,250,Common average reference,linked ear,2_6_7_8_9,"ERP components were scored as mean amplitudes extracted from specific time windows at target electrodes where the components are known to be prominent (e.g., Cz and Pz for Cue P3 and Go P3; Fz, Cz, and Pz for NoGo P3 and late CNV; Fz and Cz for NoGo N2)",−200 to 1200 ms relative to S1 and S2 onset,−100 to 0 ms pre-stimulus,"Automated rejection of epochs with absolute amplitude >100 μV, slow wave activity >50 μV, or high-frequency noise >35 μV",-200,1200,-100
Gu_2018,Gu18,128,500,Re-referenced to the average reference,Average-referencing,1_2_6_8_9_11,"CDA was calculated from lateral-posterior sites by subtracting right hemisphere waveforms from left hemisphere waveforms (when cued right), and vice versa, then averaging them. Independent t-tests were performed along a moving window (100 ms length, 50 ms overlap) during the 300–850 ms retention period to find maximal differences, which were then confirmed with ANOVAs. Data were winsorized to 2 standard deviations",−400 to 1000 ms relative to memory array,−200 to 0 ms pre-stimulus,Automated exclusion of trials with horizontal/vertical eye movements exceeding ±50 μV,-400,1000,-200
Hale_2009,Hale09,40,250,Linked mastoids,linked ears ,1_3_4_8_9_11,"Artifact-free data underwent Fast Fourier Transform (FFT) to extract absolute power for ""low alpha"" (8–10 Hz) and ""high alpha"" (10–12 Hz). This was used to calculate Laterality Indices (LIs) across left/right electrode pairs",Continuous data parsed into 1024 ms epochs,N/A (spectral analysis),Absolute amplitude threshold of ±75 μV,,,
Hale_2010,Hale10,40,250,Linked mastoids,linked ears,1_3_4_8_9_11,"Clean data was segmented into 1-second epochs and processed via Fast Fourier Transform (FFT). The core measures extracted were the power asymmetries for ""low beta"" (12–16 Hz) and ""high beta"" (16–21 Hz) frequencies across right-left electrode pairs",Continuous data parsed into 1024 ms epochs,N/A (spectral analysis),Absolute amplitude threshold of ±75 μV,,,
Hale_2014,Hale14,40,256,Average reference,Average of signals recorded separately at each ear lobe,1_2_3_4_6_8_9_11,"The artifact-free epochs were then processed using a Fast Fourier Transform (FFT) with a 50% overlap and a Hanning Windowing function to generate spectral content at a 1 Hz resolution. Finally, researchers calculated averaged absolute power and specific Asymmetry Indices (AIs)",Continuous data parsed into 1-second epochs,N/A (spectral analysis),Automated FASTER toolbox (thresholds based on exceeding ±3 SD of mean channel variance) plus visual inspection,,,
Jang_2020,Jang20,64,250,Common average reference,"Cz during online recording, re-referenced to the average reference offline",1_2_6_8_9,"Fast Fourier transform (FFT) with a Hanning window for event-related spectral perturbation (ERSP), Hilbert-transformation for phase-locking value (PLV), and graph theoretical analysis for small-world network characteristics",−500 to 1000 ms relative to stimulus onset,−500 to 0 ms pre-stimulus,Absolute amplitude threshold of ±100 μV,-500,1000,-500
Kakuszi_2016,Kakuszi16,128,1024,Re-referenced to a common average reference,average reference,2_3_6_8_9_10_11,the study used response-locked averaging (RLA) to focus on non-error response-preceding brain activity. Researchers analyzed the Area Under the Curve (AUC) and amplitude values of the response-preceding negative potential shifts (RPNS). Topographical maps across all 128 channels were evaluated using False Discovery Rate (FDR)-corrected p-values to identify regions of significant activation and group differences,−200 to 350 ms relative to response onset,−200 to 0 ms pre-stimulus,Automated exclusion of epochs exceeding a ±100 μV threshold,-200,350,-200
Kakuszi_2020,Kakuszi20,128,1024,Common average reference,average_reference,01_02_03_06_08_09_11,"baseline correction 200ms, grand average",−200 to 800 ms relative to picture onset,−200 to 0 ms pre-stimulus,Epochs exceeding ±100 μV on any channel were rejected,-200,800,-200
Kim_2016,Kim14,64,250,Common average reference,"The initial recording reference was Cz, which was followed by an average-reference transformation prior to averaging",1_2_3_4_5_6_8_9_10_11,Analysis of ERP peak amplitudes and latencies,−100 to 900 ms relative to stimulus onset,−100 to 0 ms pre-stimulus,Absolute amplitude threshold of ±70 μV,-100,900,-100
Kim_2014,Kim16,128,500,Average reference,Average reference,2_6_8_9,"Visual inspection was used to determine time windows, followed by peak amplitude and latency analysis for N2 (most negative peak at 180-300 ms) and P3 (most positive peak at 300-500 ms) components",−400 to 2000 ms (low load) / 3000 ms (high load),−200 to 0 ms pre-stimulus,na,-400,2000,-200
Koechel_2012,Koechel12,29,250,Average reference,FCz ,1_2_6_7_8_9_11,"Mean amplitudes for the late positive potential (LPP) were extracted from a specific time window (500–600 ms) at left (P7), central (Pz), and right (P8) parietal electrode sites",−200 to 1000 ms relative to facial stimulus,−200 to 0 ms pre-stimulus,Absolute amplitude threshold of ±100 μV,-200,1000,-200
Luo_2019,Luo19,128,250,Linked mastoids,"referenced to Cz during online recording, and offline they were re-referenced to the average of the left and right mastoid channels",2_4_6_7_8_9_10_11,"Event-related potential (ERP) difference waves were generated by subtracting the ipsilateral waveforms from the contralateral waveforms relative to the memory targets. Mean waveforms were measured at eight parieto-occipital electrode sites (corresponding to PO7/8) to analyze the N2pc component within a 220–260ms time window and the CDA component within a 400–800ms time window. Additionally, source analysis was performed on the N2pc and CDA using BESA software",−200 to 1000 ms relative to memory array,−200 to 0 ms pre-stimulus,na,-200,1000,-200
MacLaren_2007,MacLaren07,9,200,Linked mastoids,linked earlobes,1_2_3_8_9,"peak-to-peak measures to calculate the amplitude of ERP components within defined latency windows. This peak-to-peak method (e.g., finding the maximum value in one time window and subtracting the minimum value from an adjacent window) was utilized to partially compensate for the overlap of ERP components evoked by targets and stop signals presented close together in time",−100 to 1000 ms relative to letter onset,−100 to 0 ms pre-stimulus,Absolute amplitude threshold of ±100 μV,-100,1000,-100
Markovska-Simoska_2016,Markovska16,19,250,Common average reference,linked ear,2_6_7_8_9_11,"Independent Component Analysis (ICA) was used to decompose Event-Related Potentials (ERPs) into stable, functionally different independent components. ERPs were computed off-line, analyzing an epoch spanning from 300 ms before the first stimulus to 900 ms after the second stimulus, focusing on the 700 ms interval after the second stimulus",−300 ms before S1 to 900 ms after S2,−100 to 0 ms pre-stimulus,Automated rejection of epochs with voltage steps >50 μV/ms or absolute deflections exceeding ±100 μV,-300,1,-100
McLoughlin_2010,McLoughlin10,19,500,Re-referenced to average reference,FCz,1_2_6_8_9_10_11,"Event-related potential (ERP) latency data were analyzed using analyses of variance (ANOVA). Because ERP amplitude data were skewed and transformations were unsuccessful, amplitude data were analyzed using Generalized Estimating Equations (GEE) with a robust Hubert White sandwich estimator to account for within-subject correlations across tasks. Relationships between the amplitudes of ERP components were investigated using Spearman’s rank correlation coefficien",−200 to 1500 ms relative to cue/target onset,−200 to 0 ms pre-stimulus,na,-200,1500,-200
Missonnier_2013,Missonnier13,20,1024,Linked ears,"Initially recorded referenced to linked earlobes, and then enhanced off-line by surface Laplacian estimation",1_2_6_7_8_9_11,Event-related potentials (ERPs) and event-related spectral perturbations (ERSPs) evaluated using a hanning-tapered sinusoidal wavelet transform (short-time DFT),−200 to 300 ms (ERP) / −2000 to 3500 ms (ERSP),−200 to 0 ms pre-stimulus,Absolute amplitude threshold of ±100 μV,-200,300,-200
Münger_2022,Münger22,19,250,Common average reference,linked_earlobes,01_02_06_07_09_12,"baseline correction, adjusted window grand average curve",−300 to 900 ms relative to S1 and S2 onset,−100 to 0 ms pre-stimulus,Automated rejection of epochs with voltage steps >50 μV/ms or absolute deflections exceeding ±100 μV,-300,900,-100
Prox_2007,Papp23,31,256,Linked mastoids,right mastoid,01_02_09,GFP:ERP,−100 to 1000 ms relative to letter onset,−100 to 0 ms pre-stimulus,Absolute amplitude threshold of ±100 μV,-100,1000,-100
Rodriguez_2007,Prox07,128,250,Average reference,vertex,1_2_6_8_9,"ERP components were classified by measuring their mean amplitudes and latencies over the scalp sites that exhibited maximal activity during specific time windows (e.g., 130–230 ms for N1, 250–500 ms for N2, 350–550 ms for P300, and 600–800 ms for the frontal slow wave). Additionally, the LORETA (low resolution brain electromagnetic tomography) algorithm was used to compute a cortical three-dimensional distribution of current density to estimate the neural generators of the brain activit",−200 to 1000 ms relative to stimulus onset,−200 to 0 ms pre-stimulus,na,-200,1000,-200
Shen_2014,Rodriguez07,32,500,Average reference,right mastoid,2_4_8_9,"Segments were averaged to derive event-related potentials (ERPs) for each participant, with analysis restricted to only correct responses (hits) and correct rejections. The P3a component was measured at frontal electrode 11 (comparable to Fz) and the P3b component was measured at parietal electrode 62 (comparable to Pz). The positive peak amplitude and latency within specific time windows (e.g., 160-424 ms for P3a in the respond-to-target task) were identified for each participant and used for analysis",−200 to 1000 ms relative to stop-signal onset,−200 to 0 ms pre-stimulus,Absolute amplitude threshold of ±100 μV,-200,1000,-200
Smit_2023,Shen14,64,250,Linked mastoids,Average reference,1_2_8_9,"Analyzed using grand-average waveforms to calculate peak latencies and mean amplitudes within specific time windows: N1 (100–160 ms), N2 (190–270 ms), and P3 (270–500 ms). These were measured at specific fronto-central channels selected after visual inspection (FZ and FCZ for N1; FCZ and CZ for N2 and P3)",−1250 to 1250 ms relative to stimulus onset,−250 to 0 ms pre-stimulus,Automated FASTER toolbox (thresholds based on exceeding ±3 SD of mean channel variance),-1250,1250,-250
Stroux_2016,Smit23,27,250,Common average reference,Cz was used as the internal reference during recording; the data was re-referenced offline to linked mastoids,1_2_4_5_6_7_8_9,"EEG was transformed into time–frequency representations (ERSPs) using Morlet wavelets (2–30 Hz). Analyses focused on theta activity (4–8 Hz). Data were segmented into eight overlapping 200-ms time windows from −100 to 800 ms post-stimulus. Theta power was extracted for four sensor-space ROIs: frontal-midline, frontolateral left, frontolateral right, parietal. Power was defined around each participant’s maximum theta peak (±1 Hz, ±50 ms). Functional connectivity was computed using imaginary coherence between five ROI pairs. A surface Laplacian was applied to reduce volume-conduction effects. Trial numbers were balanced across conditions to ensure comparable signal-to-noise ratios.",−100 to 2400 ms relative to stimulus onset,−100 to 0 ms pre-stimulus,Absolute amplitude threshold of ±100 μV,-100,2400,-100
Taymourtash_2014,Stroux16,19,200,Common average reference,average mastoids,1_2_6_7_8_9_11,"ERP peak analysis for correct trials. Latency ranges were visually defined as 170–340 ms for the N200 and 300–500 ms for the P300. Local peak amplitudes and latencies were extracted using an automatic detection procedure at midline electrodes Fz, Cz, and Pz, followed by visual checking and manual adjustments if needed",−200 to 1000 ms relative to letter onset,−200 to 0 ms pre-stimulus,Automated rejection of epochs with voltage steps >50 μV/ms or absolute deflections exceeding ±100 μV,-200,1000,-200
White_2005,Taymourtash14,19,128,Linked ears,linked earlobe,1_2_3_6_7_8_9_10_11,Iterative independent component analysis (iICA) was used on single-trial evoked potentials. This approach aims to enhance a specific component (like the N2 or P3 peak) by separating statistically independent sources and making the brain responses clearly visible in individual trials despite low signal-to-noise ratios,Continuous data parsed into 2-second epochs,N/A (spectral analysis),Absolute amplitude threshold of ±100 μV,,,
White_2005,White05,19,128,Linked ears,Linked ears,1_2_9_10,Quantitative EEG (QEEG) using Fast Fourier Transform (FFT) on artifact-free 2-second epochs,Continuous data parsed into 2-second epochs,N/A (spectral analysis),Absolute amplitude threshold of ±100 μV,,,
Wiegand_2016,Wiegand16,64,1000,Average reference,Referenced online to FCz and re-referenced off-line to averaged mastoids,1_2_6_7_8_9,"Event-related potential (ERP) analysis. Lateralized activity for the Contralateral Delay Activity (CDA) was quantified by subtracting ipsilateral from contralateral activity. Mean amplitudes were extracted for defined time windows (e.g., 320–370 ms and 370–700 ms for CDA; 300–600 ms for P3b) at selected electrode clusters",−400 to 1000 ms relative to stimulus onset,−400 to −200 ms pre-display (−200 to 0 ms pre-cue),Automated FASTER toolbox (thresholds based on exceeding ±3 SD of mean channel variance),-400,1000,-400
Wiersema_2007,Wiersema07,4,1000,Linked ears,Left mastoid,1_3_6_8_9,"Event-related potentials (ERPs) were averaged separately for Go and No-Go stimuli. The fronto-central N2 peaks were scored in the 250–400 ms window at Fz and Cz, while the parietal P3 amplitude was defined as the most positive peak in the 300–500 ms window at Pz. The N2 effect was calculated by subtracting the Go N2 amplitude from the No-Go N2 amplitude. Electrodes were (Fz, Cz, Pz, Oz)",−100 to 1000 ms relative to target onset,−100 to 0 ms pre-stimulus,Absolute amplitude threshold of ±100 μV,-100,1000,-100
Wiersema_2008,Wiersema08,4,1000,Linked ears,Left mastoid,1_3_8_9,"Peak amplitude extraction was used. The ERN amplitude was defined as the largest negative peak in the 30 to 120-ms window after an error, and the Pe amplitude was defined as the maximal positive peak in the 200 to 400-ms interval following an error",−500 to 500 ms relative to response onset,−150 to −50 ms pre-response,Absolute amplitude threshold of ±100 μV,-500,500,-150
Woltering_2013,Woltering13,129,500,Linked mastoids,Cz,1_2_4_5_6_8_9_11,"ERP components during correct Nogo trials were automatically coded and manually checked by blinded research assistants. The N2 component was defined as the largest peak negative deflection between 200 and 400 ms post-stimulus with a frontocentral topography, averaged across sites FCz, Fz, and Cz. The P3 component was measured as the mean activation across parietal sites (Pz, P3, and P4) between 300 and 600 ms post-stimulus. The early occipital P1 and N1 components were scored between 80–160 ms and 130–230 ms post-stimulus, respectively, averaged across sites Oz, O1, and O2. Medication and trial count effects were covaried out of each ERP analysis",−400 to 1000 ms relative to letter onset,−200 to 0 ms pre-stimulus,Absolute amplitude threshold of ±100 μV,-400,1000,-200
Zhao_2020,Zhao20,128,250,Average reference,Cz,2_6_7_8_9_11,"Event-related potential (ERP) analysis only included correct trials. The N1 and P2 components were quantified at the Fz electrode (as well as an averaged cluster of F1, F2, and Fz) using time windows of 40–120 ms and 120–220 ms poststimulus, respectively. The P3 component was quantified at the Pz electrode (and an averaged cluster of P1, P2, Pz) within a 200–500 ms window. Average amplitudes were calculated in a symmetric 50 ms interval around the peak latency for each component",−200 to 1000 ms relative to N-back digit onset,−200 to 0 ms pre-stimulus,±100 μV,-200,1000,-200
