study_id,short_id,task,EEG_measure,time_window_start,time_window_end,finding_type,finding_description,stat_test_type,stat_name,stat_value,p_value,mean_adhd,mean_control,effect_size,"Difference (0 = No difference, 1 = larger in ADHD, 2 = smaller in ADHD",include
Bekker_2005,Bekker05,stop_signal,Stop P3 (at Cz),172,200,interaction_eff_sig,Stop P3 difference between successful/failed stops was smaller in adults with ADHD,repeated-measures ANOVA,F,4.2,"<0,05",,,,2,1
Cowley_2022,Cowley22,CPT_GoNoGo,N2 Amplitude,150,250,group_diff_sig,"The control group exhibited significantly stronger N2 Amplitudes compared to the ADHD group. Additionally, scalp maps indicated that ADHD group activation was strongly right-lateralized at the parietal N2 wave",Two-sample Kolmogorov–Smirnov test statistic,D,">0,1","<0,01",,~6 µV,,2,1
Cowley_2022,Cowley22,CPT_GoNoGo,P3 Amplitude,330,430,group_diff_sig,"The Control group showed significantly stronger P3 Amplitudes. There was also a distinct latency difference: in the Control group, the P3 wave onset clearly preceded the behavioral response (Reaction Time), whereas in the ADHD group, the P3 wave followed the response",Two-sample Kolmogorov–Smirnov test statistic,D,">0,1","<0,01",,,,2,1
Cowley_2022,Cowley22,CPT_GoNoGo,post-response Amplitude,0,100,group_diff_non_sig,There was no significant difference between groups in the period immediately following the motor response (0 to 100 ms).,,,,,,,,0,0
Cowley_2022,Cowley22,CPT_GoNoGo,pre-response Amplitude,-170,70,group_diff_sig,Controls showed significantly stronger Amplitudes in the period immediately leading up to the motor response compared to the ADHD group,Two-sample Kolmogorov–Smirnov test statistic,D,">0,1","<0,01",,,,2,0
Deiber_2021,Deiber21,CPT_GoNoGo,N1 Amplitude,110,210,group_diff_non_sig,"Despite attenuated ERP Amplitudes in ADHD patients, we did not identify a significant group effect either on latency or on Amplitude on the main P1, N1, N2 and P3 components",ANOVA post hoc,,,,4.566,5.957,,0,1
Deiber_2021,Deiber21,CPT_GoNoGo,N2 Amplitude,160,360,group_diff_non_sig,"Despite attenuated ERP Amplitudes in ADHD patients, we did not identify a significant group effect either on latency or on Amplitude on the main P1, N1, N2 and P3 components",ANOVA post hoc,,,,3.431,4.167,,0,1
Deiber_2021,Deiber21,CPT_GoNoGo,P1 Amplitude,60,140,group_diff_non_sig,"Despite attenuated ERP Amplitudes in ADHD patients, we did not identify a significant group effect either on latency or on Amplitude on the main P1, N1, N2 and P3 components",ANOVA post hoc,,,,3.106,2.736,,0,1
Deiber_2021,Deiber21,CPT_GoNoGo,P3 Amplitude,290,610,group_diff_non_sig,"Despite attenuated ERP Amplitudes in ADHD patients, we did not identify a significant group effect either on latency or on Amplitude on the main P1, N1, N2 and P3 components",ANOVA post hoc,,,,4.793,5.483,,0,1
Diamanti_2025,Diamanti25,CPT_GoNoGo,Ne,-20,100,group_diff_non_sig,no significant difference in Ne between groups  (time window for 20ms after motor reaction),manova,F,1.97,0.167,-6.34,-8.17,,0,0
Diamanti_2025,Diamanti25,CPT_GoNoGo,Pe,60,500,group_diff_sig,attenuated Pe for ADHD (time window for 20ms after motor reaction),manova,F,4.51,0.04,5.18,7.38,,1,0
Doehnert_2013,Doehnert13,CPT_GoNoGo,CNV (Contingent Negative Variation),1000,1600,group_diff_sig,Preparatory and time-processing brain activity remains significantly attenuated in adults with childhood ADHD at Time 4. These findings were even present for the subsample of subjects with remitted ADHD.,post hoc t-test,t,nr,< 0.05,,,,2,0
Doehnert_2013,Doehnert13,CPT_GoNoGo,Cue P3 Amplitude,254,578,group_diff_non_sig,Attentional orienting brain activity normalizes to match healthy controls by early adulthood at Time 4.,post hoc t-test,t,nr,n.s.,,,,0,1
Doehnert_2013,Doehnert13,CPT_GoNoGo,P3 NoGo Amplitude,254,578,group_diff_non_sig,Inhibitory control brain activity normalizes to match healthy controls by early adulthood at Time 4.,post hoc t-test,t,nr,n.s.,,,,0,1
Fisher_2011,Fisher11,GoNoGo,N1 Amplitude,80,130,group_diff_non_sig,No significant difference in N1 Amplitude between groups in Go trials,Repeated measures ANOVA,F,0.4,0.53,"-2,33 ± 3,2","-1,67 ± 4",,0,1
Fisher_2011,Fisher11,GoNoGo,N2 Amplitude,180,280,interaction_eff_sig,Controls had larger N2 Amplitudes in NoGo vs Go while ADHD subjects showed the opposite,Repeated measures ANOVA,F,4.19,"< 0,05",nr,nr,,2,0
Fisher_2011,Fisher11,GoNoGo,N2 Go Amplitude ,180,280,group_diff_sig,The Amplitude of N2 was larger in the ADHD group compared to controls in Go trials,Repeated measures ANOVA,F,4.25,"< 0,05","-0,44 ± 3,4","1,21 ± 3,4",,1,1
Fisher_2011,Fisher11,GoNoGo,P1 Amplitude,60,100,group_diff_non_sig,No significant difference in P1 Amplitude between groups in NoGo trials,Repeated measures ANOVA,F,0.54,0.47,"0,61 ± 1,8","1,23 ± 3,4",,0,1
Fisher_2011,Fisher11,GoNoGo,P2 Amplitude,150,250,group_diff_non_sig,No significant difference in P2 Amplitude between groups in Go trials,Repeated measures ANOVA,F,0.15,0.7,"2,68 ± 3,6","2,86 ± 3,4",,0,1
Fisher_2011,Fisher11,GoNoGo,P2 Amplitude,150,250,group_diff_non_sig,No significant difference in P2 Amplitude between groups in NoGo trials,Repeated measures ANOVA,F,0,0.99,"2,1 ± 2,8","2,11 ± 4,3",,0,0
Fisher_2011,Fisher11,GoNoGo,P3 Amplitude,250,400,group_diff_sig,ADHD subjects had significantly smaller P3 Amplitudes compared to controls in Go trials,Repeated measures ANOVA,F,6.66,"< 0,05","2,12 ± 3,24","4,0 ± 3,56",,2,1
Fisher_2011,Fisher11,GoNoGo,P3 Amplitude,250,400,group_diff_sig,ADHD subjects had significantly smaller P3 Amplitudes compared to controls in NoGo trials,Repeated measures ANOVA,F,14.61,"< 0,001","4,01 ± 3,56","7,51 ± 5,2",,2,0
Freichel_2024,Freichel24,CPT_GoNoGo,Event related decrease in alpha,0,500,group_diff_sig,"Attenuated alpha ERD in ADHD group (central - occipital cluster) in CPT, especially in NoGo condition.",anova,F,6.894,0.009,,,,2,0
Freichel_2024,Freichel24,CPT_GoNoGo,Event related decrease in alpha,0,500,group_diff_non_sig,No difference in alpha ERD in ADHD group (occipital cluster) in CPT,,F,1.078,0.301,,,,0,0
Freichel_2024,Freichel24,CPT_GoNoGo,Event related decrease in alpha,500,1000,group_diff_non_sig,No difference in alpha ERD in ADHD group (central - occipital cluster) in CPT,anova,F,0.282,0.596,,,,0,0
Freichel_2024,Freichel24,CPT_GoNoGo,Event related decrease in alpha,500,1000,group_diff_non_sig,No difference in alpha ERD in ADHD group (occipital cluster) in CPT,anova,F,0.108,0.743,,,,0,0
Gorman_Bozorgpour_2013,Gorman13,GoNoGo,Lateralized Readiness Potential,252,500,group_diff_sig,"A priori comparisons revealed that late window LRP Amplitude was significantly smaller for the ADHD/combined sample than for controls, indicating weaker central preparation preceding response execution.",A Priori Comparison,nr,nr,0.05,"Combined: Go Easy 1,43, Go Hard 0,87","Go Easy 1,89, Go Hard 1,83",nr,2,1
Gorman_Bozorgpour_2013,Gorman13,GoNoGo,Lateralized Readiness Potential,152,250,group_diff_sig,"There was a significant main effect of diagnosis indicating that early window Amplitude was significantly smaller overall for the ADHD/inattentive sample than controls, whereas the ADHD/combined sample did not differ.",ANOVA,F,3.33,"< 0,05","Inattentive: Go Easy 1,18, Go Hard 0,73, No-Go Easy 0,44, No-Go Hard 0,56; Combined: Go Easy 1,46, Go Hard 1,17, No-Go Easy 0,51, No-Go Hard 1,10","Go Easy 1,67, Go Hard 1,48, No-Go Easy 1,11, No-Go Hard 1,51",0.08,2,0
Gorman_Bozorgpour_2013,Gorman13,GoNoGo,Lateralized Readiness Potential for NoGo,152,250,group_diff_sig,"Exploratory analyses indicated control participants had significantly larger early window Amplitudes for no-go stimuli than both the ADHD/inattentive and ADHD/combined subtypes, suggesting stronger initial response preparation by controls.",ANOVA,F,5.27,"< 0,01","Inattentive: No-Go Easy 0,44, No-Go Hard 0,56; Combined: No-Go Easy 0,51, No-Go Hard 1,10","No-Go Easy 1,11, No-Go Hard 1,51",0.13,2,1
Grane_2016,Grane16,GoNoGo,CNV,-100,0,group_diff_non_sig,There was no significant difference between the ADHD and control groups in late CNV Amplitude,MANOVA,F,0.18,0.674,-1.5 μV (at Cz in Relevant trials),-1.8 μV (at Cz in Relevant trials),0,0,0
Grane_2016,Grane16,GoNoGo,Cue P3 Amplitude,300,550,group_diff_non_sig,There was no significant difference between the ADHD and control groups in Cue P3 Amplitude,MANOVA,F,1.79,0.185,2.2 μV (at Pz in Relevant trials),2.6 μV (at Pz in Relevant trials),0.03,0,1
Grane_2016,Grane16,GoNoGo,P2 NoGo Amplitude,200,300,group_diff_non_sig,There was no significant difference between the ADHD and control groups in NoGo N2 Amplitude,MANOVA,F,0,0.995,-2.9 μV (at Fz),-3.1 μV (at Fz),0,0,1
Grane_2016,Grane16,GoNoGo,P3 Amplitude (Cz),280,380,group_diff_sig,ADHD patients had significantly smaller Go P3 Amplitudes at the Cz electrode relative to the healthy controls,One Way Anova,F,7.25,0.009,4.0 μV (at Cz),5.6 μV (at Cz),0.11,2,1
Grane_2016,Grane16,GoNoGo,P3 Amplitude (Cz),300,480,group_diff_sig,ADHD patients had significantly smaller NoGo P3 Amplitudes at the Cz electrode relative to controls,One Way Anova,F,8.19,0.006,4.5 μV (at Cz),6.5 μV (at Cz),0.12,2,0
Kakuszi_2016,Kakuszi16,GoNoGo, frontal response-preceding negative potential shifts,-100,0,group_diff_sig,Significantly enhanced (more negative) Amplitude in the Left Frontal region for ADHD patients.,HLM,F,8.6,0.0047,"-1,6 µV","-1,2 µV",,1,0
Kakuszi_2016,Kakuszi16,GoNoGo,central response-preceding negative potential shifts,-100,0,group_diff__sig,No significant difference in RPNS Amplitude in the Left Central region.,HLM,F,1.5,0.22,"-1,0 µV","-0,8 µV",nr,0,0
Kakuszi_2016,Kakuszi16,GoNoGo,frontal response-preceding negative potential shifts,-100,0,group_diff_sig,Significantly enhanced Amplitude in the Midline Frontal region for ADHD patients.,HLM,F,8.9,0.0042,"-1,8 µV","-1,4 µV",,1,0
Kakuszi_2016,Kakuszi16,GoNoGo,frontal response-preceding negative potential shifts,-100,0,group_diff_sig,Significantly enhanced Amplitude in the Right Frontal region for ADHD patients.,HLM,F,5.6,0.021,"-1,5 µV","-1,1 µV",,1,0
Kakuszi_2016,Kakuszi16,GoNoGo,response-preceding negative potential shifts,-100,0,group_diff_non_sig,No significant difference in RPNS Amplitude in the Midline Central region.,HLM,F,1.5,0.23,"-0,8 µV","-0,6 µV",nr,0,0
Kakuszi_2016,Kakuszi16,GoNoGo,response-preceding negative potential shifts,-100,0,group_diff_non_sig,No significant difference in RPNS Amplitude in the Right Central region.,HLM,F,0.1,0.74,"-0,9 µV","-0,9 µV",nr,0,0
Kakuszi_2020,Kakuszi20,GoNoGo,P3 Amplitude,300,450,group_diff_sig,group effect control larger p3,HLM,F,6.15,0.015,,,,2,1
Koechel_2012,Koechel12,GoNoGo,Late Positivity (at P8),500,600,group_diff_sig,Enhanced late positivity in the control group compared to the ADHD group at P8.,Three-way ANOVA,F,5.51,0.026,,,,2,1
Koechel_2012,Koechel12,GoNoGo,Late Positivity (at Pz),500,600,group_diff_non_sig,No significant group difference found at Pz.,Three-way ANOVA,F,1.16,0.056,,,,0,1
Koechel_2012,Koechel12,GoNoGo,Late Positivity NoGo,500,600,group_diff_sig,NoGo: Higher Amplitudes in the control group compared to the ADHD group.,Two-way ANOVA,F,5.93,0.021,,,,2,1
MacLaren_2007,MacLaren07,stop_signal,N3 Amplitude,500,700,interaction_eff_sig,"A significant interaction was found regarding laterality; specifically, late complexes in right hemisphere frontal and central sites were distinguishable between groups, with control participants having higher Amplitudes than ADHD participants,Maximum value within 500–700 ms minus the minimum value within 400–600 ms",ANOVA,F,3.72,0.036,nr,nr,0.089,2,0
MacLaren_2007,MacLaren07,stop_signal,N3 Amplitude,500,700,group_diff_sig,"Control participants showed a significantly higher mean Amplitude compared to the ADHD group,Maximum value within 500–700 ms minus the minimum value within 400–600 ms",ANOVA,F,5.36,0.026,"5,65 µV","8,06 µV",0.12,2,1
MacLaren_2007,MacLaren07,stop_signal,P3 Amplitude,250,500,group_diff_sig,"There was a significant difference between the groups, with the control group demonstrating a higher mean Amplitude than the ADHD group, Maximum value within 250–500 ms minus the minimum value within 200–300 ms",ANOVA,F,10.32,0.003,"11,5 µV","15,63 µV",0.214,2,1
Markovska-Simoska_2016,Markovska16,CPT_GoNoGo,P3bP (frontal supression),330,345,group_diff_sig,The ADHD group showed a significantly lower Amplitude compared to the normal group.,One-way ANOVA,F,3.18,0.043,nr,7.02,7.7,2,1
Markovska-Simoska_2016,Markovska16,CPT_GoNoGo,P3supF (motor inhibition),365,385,group_diff_sig,The ADHD group showed a significantly lower Amplitude compared to the normal group.,One-way ANOVA,F,11.145,0.001,nr,nr,nr,2,1
Markovska-Simoska_2016,Markovska16,CPT_GoNoGo,P400 monitoring Cingulate Cortex,390,415,group_diff_sig,The ADHD group had a significantly lower Amplitude compared to the normal group.,One-way ANOVA,F,10.25,0.002,nr,nr,nr,2,1
Markovska-Simoska_2016,Markovska16,CPT_GoNoGo,visual comparison component,225,270,group_diff_non_sig,There was no significant difference between the normal and ADHD groups. on the right side,One-way ANOVA,F,nr,ns,nr,nr,nr,0,1
Markovska-Simoska_2016,Markovska16,CPT_GoNoGo,visual comparison component (left),225,270,group_diff_non_sig,"There was no statistically significant difference between the normal and ADHD groups, or between subtypes on the left side",One-way ANOVA,F,1.98,0.16,nr,nr,nr,0,0
McLoughlin_2010,McLoughlin10,CPT_GoNoGo,CNV,1300,1650,group_diff_trend,Standard CPT-OX Task: Trend toward reduced CNV Amplitude in the ADHD group,GEE,z,1.66,0.09,-2.09,-3.21,0.57,2,0
McLoughlin_2010,McLoughlin10,CPT_GoNoGo,CNV,1300,1650,group_diff_sig,CPT-OX with Flankers Task: ADHD group showed significantly reduced CNV Amplitude,GEE,z,3.32,"< 0,001",-1.88,-3.72,1,2,0
McLoughlin_2010,McLoughlin10,CPT_GoNoGo,Cue P3 Amplitude,200,500,group_diff_sig,CPT-OX with Flankers Task: ADHD group showed significantly reduced cue-P3 Amplitude,GEE (Main effect across tasks),z,-3.42,0.001,3.41,5.49,0.99,2,0
McLoughlin_2010,McLoughlin10,CPT_GoNoGo,Cue P3 Amplitude,200,500,group_diff_sig,Standard CPT-OX Task: ADHD group showed significantly reduced cue-P3 Amplitude,GEE (Main effect across tasks),z,-3.42,0.001,4.43,6.45,0.99,2,1
McLoughlin_2010,McLoughlin10,CPT_GoNoGo,N2 Go Amplitude ,150,300,group_diff_trend,CPT-OX with Flankers Task: Trend toward an attenuation of go-N2 Amplitude in ADHD,GEE (Main effect across tasks),z,1.71,0.08,-2.95,-3.67,0.42,0,0
McLoughlin_2010,McLoughlin10,CPT_GoNoGo,N2 Go Amplitude ,150,300,group_diff_trend,Standard CPT-OX Task: Trend toward an attenuation of go-N2 Amplitude in ADHD,GEE (Main effect across tasks),z,1.71,0.08,-1.82,-3.68,0.42,0,1
McLoughlin_2010,McLoughlin10,CPT_GoNoGo,N2 NoGo Amplitude,150,300,group_diff_non_sig,CPT-OX with Flankers Task: No significant group differences in no-go-N2 Amplitude,GEE (Main effect across tasks),z,1.62,0.11,-4.31,-2.88,0.47,0,0
McLoughlin_2010,McLoughlin10,CPT_GoNoGo,N2 NoGo Amplitude,150,300,group_diff_non_sig,Standard CPT-OX Task: No significant group differences in no-go-N2 Amplitude,GEE (Main effect across tasks),z,1.62,0.11,-5.2,-4.44,0.47,0,1
McLoughlin_2010,McLoughlin10,CPT_GoNoGo,P3 Go Amplitude,200,500,group_diff_non_sig,CPT-OX with Flankers Task: No significant group differences in go-P3 Amplitude,GEE (Main effect across tasks),z,-1.68,0.1,6.9,7.71,0.36,0,0
McLoughlin_2010,McLoughlin10,CPT_GoNoGo,P3 Go Amplitude,200,500,group_diff_non_sig,Standard CPT-OX Task: No significant group differences in go-P3 Amplitude,GEE (Main effect across tasks),z,-1.68,0.1,5.89,7.64,0.36,0,1
McLoughlin_2010,McLoughlin10,CPT_GoNoGo,P3 NoGo Amplitude,200,500,group_diff_sig,Standard CPT-OX Task: ADHD group showed attenuated inhibitory no-go-P3 Amplitude,GEE (Main effect across tasks),z,-2.49,0.01,5.38,7.45,0.73,2,1
McLoughlin_2010,McLoughlin10,CPT_GoNoGo,P3 NoGo Amplitude,200,500,group_diff_sig,CPT-OX with Flankers Task: ADHD group showed attenuated inhibitory no-go-P3 Amplitude,GEE (Main effect across tasks),z,-2.49,0.01,4.57,7.56,0.73,2,0
Münger_2022,Münger22,CPT_GoNoGo,CNV,-100,0,group_diff_sig,smaller (increased) CNV Amplitude for ADHD,latent growth curve models,effect of group,0.37,,,,,2,0
Münger_2022,Münger22,CPT_GoNoGo,cueP3 Amplitude,348,484,group_diff_sig,decreased cue p3 for ADHD,latent growth curve models,effect of group,-0.49,,,,,2,1
Münger_2022,Münger22,CPT_GoNoGo,N2d Amplitude,220,268,group_diff_sig,smaller (increased) N2d Amplitude for ADHD,latent growth curve models,effect of group,0.18,,,,,2,1
Münger_2022,Münger22,CPT_GoNoGo,P3d Amplitude,308,388,group_diff_sig,decreased P3d for ADHD,latent growth curve models,effect of group,-1.31,,,,,2,1
Papp_2023,Papp23,GoNoGo,P3 NoGo Anteriorization,280,380,group_diff_sig,NGA at GFP peak,HLM,F,11.14,0.0016,5.77,13.4,0.68,2,1
Prox_2007,Prox07,GoNoGo,Frontal Slow wave,600,800,group_diff_sig,Patient group showed a significantly more positive slow wave at frontal electrodes,repeated measure ANOVA,F,7.09,0.01,nr,nr,nr,1,1
Prox_2007,Prox07,GoNoGo,N1 Amplitude,130,230,group_diff_sig,N1 of the patient group was significantly more negative than the control group.,repeated measure ANOVA,F,4.82,0.04,nr,nr,nr,1,1
Prox_2007,Prox07,GoNoGo,N2 Amplitude,250,500,group_diff_sig,Greater negative increase in the patient group compared to controls.,repeated measure ANOVA,F,5.81,0.03,nr,nr,nr,1,1
Prox_2007,Prox07,GoNoGo,N2 Amplitude,250,500,group_diff_sig,Significant group difference at single electrode O1.,repeated measure ANOVA,F,4.83,0.04,nr,nr,nr,1,0
Prox_2007,Prox07,GoNoGo,N2 Amplitude,250,500,group_diff_sig,Significant group difference at single electrode O2.,repeated measure ANOVA,F,6.53,0.02,nr,nr,nr,1,0
Prox_2007,Prox07,GoNoGo,N2 Amplitude,250,500,group_diff_sig,Significant group difference at single electrode Oz.,repeated measure ANOVA,F,7.14,0.01,nr,nr,nr,1,0
Prox_2007,Prox07,GoNoGo,P3 Amplitude,350,550,group_diff_trend,Tendency towards a decreased Amplitude for patients compared to controls.,repeated measure ANOVA,F,nr,nr,nr,nr,nr,0,1
Prox_2007,Prox07,GoNoGo,Slow wave,600,800,group_diff_sig,Patient group showed a significantly more positive slow wave at frontal electrodes,repeated measure ANOVA,F,10.37,0.004,nr,nr,nr,1,0
Rodriguez_2007,Rodriguez07,GoNoGo,P3a,168,388,group_diff_trend,Suppress-to-target: Control group higher than ADHD-combined; finding was only marginally significant.,Planned comparison,F,3.02,0.0876,"IA: 3,11 µV, HI: 2,50 µV, Comb: 3,04 µV","4,11 µV",0.05,2,0
Rodriguez_2007,Rodriguez07,GoNoGo,P3a,160,424,group_diff_sig,Respond-to-target: Control group elicited higher peak P3a Amplitude than ADHD subtypes combined.,planned comparison,F,10.05,0.0024,"_x0001_IA: 1,33 µV, HI: 1,31 µV, Comb: 2,00 µV","3,29 µV",0.14,2,0
Rodriguez_2007,Rodriguez07,GoNoGo,P3a Go Amplitude,160,424,group_diff_sig,Respond-to-target: Significant overall effect across the four groups. Control was significantly higher than ADHD-IA and ADHD-HI.,One-way ANOVA,F,3.79,0.0147,"_x0001_IA: 1,33 µV, HI: 1,31 µV, Comb: 2,00 µV","3,29 µV",0.16,2,1
Rodriguez_2007,Rodriguez07,GoNoGo,P3a NoGo Amplitude,168,388,group_diff_non_sig,Suppress-to-target: No significant overall effect of ADHD levels on peak Amplitude.,One-way ANOVA,F,1.2,0.3161,"IA: 3,11 µV, HI: 2,50 µV, Comb: 3,04 µV","4,11 µV",0.06,0,1
Rodriguez_2007,Rodriguez07,GoNoGo,P3b,204,392,group_diff_trend,Suppress-to-target: Control group higher than ADHD subtypes combined; finding was marginally significant.,Planned comparison,F,3.72,0.0583,"IA: 0,83 µV, HI: 1,33 µV, Comb: 1,26 µV","2,07 µV",0.06,0,0
Rodriguez_2007,Rodriguez07,GoNoGo,P3b,448,660,group_diff_non_sig,Respond-to-target: No significant overall effect of ADHD levels on peak Amplitude.,One-way ANOVA,F,0.6,0.6191,"IA: 0,77 µV, HI: 0,86 µV, Comb: 0,59 µV","1,09 µV",0.03,0,0
Rodriguez_2007,Rodriguez07,GoNoGo,P3b Go Amplitude,448,660,group_diff_non_sig,Respond-to-target: Comparison between control group and ADHD subtypes combined was not significant.,Planned comparison,F,1.27,0.2647,"IA: 0,77 µV, HI: 0,86 µV, Comb: 0,59 µV","1,09 µV",0.02,0,1
Rodriguez_2007,Rodriguez07,GoNoGo,P3b Nogo Amplitude,304,392,group_diff_non_sig,Suppress-to-target: No significant overall effect of ADHD levels on peak Amplitude.,One-way ANOVA,F,1.53,0.2168,"IA: 0,83 µV, HI: 1,33 µV, Comb: 1,26 µV","2,07 µV",0.07,0,1
Shen_2014,Shen14,stop_signal,N1 Amplitude,100,160,group_diff_non_sig,"no group difference for N1 Amplitude between the HI and the LI groups; they only noted a main effect of trial type and channel, with N1 being larger for successful than failed inhibitions at the FCZ channel.",ANOVA,F,nr,ns,nr,nr,nr,0,1
Shen_2014,Shen14,stop_signal,N2 Amplitude,190,270,group_diff_non_sig,There were no group or trial type effects on the mean Amplitude of the N2 component,ANOVA,F,nr,ns,nr,nr,nr,0,1
Shen_2014,Shen14,stop_signal,P3 Amplitude,270,500,group_diff_sig,"Specifically on failed inhibition (FI) trials, the HI group also showed a significantly reduced P3 Amplitude compared to the LI group",ANOVA,F,10.54,"<0,002",0.03 μV,5.37 μV,0.22,2,0
Shen_2014,Shen14,stop_signal,P3 Amplitude,270,500,group_diff_sig,"Specifically on successful inhibition (SI) trials, the HI group had a significantly reduced P3 Amplitude compared to the LI group.",ANOVA,F,30.89,"<0,0001",4.08 μV,6.96 μV,0.67,2,0
Shen_2014,Shen14,stop_signal,P3 Amplitude,270,500,interaction_sig,"There was a significant group by trial type interaction, with the LI showing overall larger P3 Amplitudes than the HI group regardless of trial type.",ANOVA,F,4.8,0.03,nr,nr,0.21,2,1
Taymourtash_2014,Taymourtash14,CPT_GoNoGo,N2 Amplitude,200,400,group_diff_sig,N2 Amplitudes were significantly enhanced (abnormally increased) in adults with ADHD compared to healthy controls,repeated measures ANOVA,F,26.278,0,"1-s: -7.6995 µV, 2-s: -6.5724 µV, 4-s: -6.0196 µV","1-s: -4.8095 µV, 2-s: -4.2199 µV, 4-s: -4.1258 µV",0.593,1,1
Taymourtash_2014,Taymourtash14,CPT_GoNoGo,P3 Amplitude,300,650,group_diff_sig,P3 Amplitudes were significantly reduced (abnormally decreased) in adults with ADHD compared to healthy controls,repeated measures ANOVA,F,5.97,0.024,"1-s: 2.2243 µV, 2-s: 2.9741 µV, 4-s: 3.7368 µV","1-s: 5.1343 µV, 2-s: 4.8225 µV, 4-s: 6.6298 µV",0.239,2,1
Wiersema_2007,Wiersema07,GoNoGo,N2 Amplitude,250,400,group_diff_non_sig,There were no significant differences between the ADHD and control groups for the N2 effect or the No-Go N2 at Cz and Fz,repeated-measures ANOVA,F,nr,nr,"N2 effect at Cz/Fz: -2,6 / -3,4 μV (fast condition), -2,2 / -1,9 μV (slow condition). No-Go N2 at Cz/Fz: -0,9 / -2,3 μV (fast condition), -0,2 / -0,3 μV (slow condition)","N2 effect at Cz/Fz: -1,8 / -1,9 μV (fast condition), -1,3 / -1,8 μV (slow condition). No-Go N2 at Cz/Fz: 0,2 / -0,7 μV (fast condition), 0,9 / 0,8 μV (slow condition)",,0,1
Wiersema_2007,Wiersema07,GoNoGo,Parietal P3 Amplitude,300,500,interaction_eff_sig,Control males showed a significantly larger increase in P3 Amplitude from the fast to the slow condition compared to males with ADHD,repeated-measures ANOVA,F,11.9,"<0,002","9,8 μV (fast condition); 10,4 μV (slow condition)","12,1 μV (fast condition); 15,3 μV (slow condition)",not reported,2,0
Wiersema_2007,Wiersema07,GoNoGo,Parietal P3 Amplitude,300,500,group_diff_trend,"Males with ADHD showed smaller parietal P3 Amplitudes overall than male controls, though this was only marginally significant",repeated-measures ANOVA,F,2.9,"<0,10","9,8 μV (fast condition); 10,4 μV (slow condition)","12,1 μV (fast condition); 15,3 μV (slow condition)",not reported,2,1
Wiersema_2008,Wiersema08,GoNoGo,Error Positivity,200,400,interaction_eff_sig,"There was a significant interaction, indicating that the group differences in Error Positivity (Pe) Amplitude varied depending on the electrode site (Fz, Cz, Pz).",Repeated-measures ANOVA,F,4.1,"< 0,03",,,0.17,,0
Wiersema_2008,Wiersema08,GoNoGo,Error Positivity,200,400,group_diff_sig,Adults with ADHD showed a significantly smaller Pe Amplitude at the parietal (Pz) electrode compared to healthy controls.,Repeated-measures ANOVA,F,6.6,"< 0,02","4,9 µV","10,5 µV",0.14,2,0
Wiersema_2008,Wiersema08,GoNoGo,Error Positivity (at Cz/Pz),200,400,group_diff_sig,Adults with ADHD showed a significantly smaller Pe Amplitude at the central (Cz) electrode compared to healthy controls.,Repeated-measures ANOVA,F,4.3,"< 0,05","5,6 µV","11,1 µV",0.1,2,1
Wiersema_2008,Wiersema08,GoNoGo,Error Positivity (at Fz),200,400,group_diff_non_sig,There was no significant difference in Pe Amplitude at the frontal (Fz) electrode between the two groups.,Repeated-measures ANOVA,F,0.1,0.89,"3,8 µV","4,2 µV",0,0,1
Wiersema_2008,Wiersema08,GoNoGo,Error-Related Negativity,30,120,group_diff_non_sig,There was no significant difference in the overall Amplitude of the Error-Related Negativity (ERN) between adults with ADHD and controls.,Repeated-measures ANOVA,F,1.4,0.24,"Cz: -8,9 µV, Fz: -8,5 µV","Cz: -11,2 µV, Fz: -10,3 µV",0.03,0,1
Woltering_2013,Woltering13,GoNoGo,N2 NoGo Amplitude,200,400,group_diff_non_sig,"The Amplitude of the nogo N2 was attenuated in the ADHD group compared to controls, although the difference did not reach standard levels of significance",ANCOVA,F,2.77,0.1,-2.36 μV,-3.79 μV,0.03,0,1
Woltering_2013,Woltering13,GoNoGo,occipital N1 Amplitude,130,230,group_diff_non_sig,No significant group differences were found for the early occipital N1 Amplitude,ANCOVA,F,nr,0.79,-2.86 μV,-2.27 μV,nr,0,1
Woltering_2013,Woltering13,GoNoGo,occipital P1 Amplitude,80,160,group_diff_non_sig,No significant group differences were found for the early occipital P1 Amplitude,ANCOVA,F,nr,0.97,2.69 μV,3.24 μV,nr,0,1
Woltering_2013,Woltering13,GoNoGo,P3 NoGo Amplitude,300,600,group_diff_sig,A significant attenuation was found for the P3 Amplitudes in the ADHD group,ANCOVA,F,4.34,0.04,2.99 μV,4.25 μV,0.05,2,1
