study_id,short_id,task,behaviroal_measure,finding_type,finding_description,stat_test_type,stat_name,stat_value,p_value,mean_adhd,mean_control,effect_size,"Difference (0 = No difference, 1 = increased in ADHD, 2 = decreased in ADHD",include
Bekker_2005,Bekker05,stop_signal,reaction_time,group_diff_sig,SSRT was longer in patients with ADHD,ANOVA,F,7.12,"<0,01","237,3 ms","185,2 ms",nr,1,1
Bekker_2005,Bekker05,stop_signal,reaction_time,group_diff_non_sig,No significant group difference for go stimulus reaction time,ANOVA,F,0.04,0.84,"467,9 ms","563,3 ms",nr,0,1
Freichel_2024,Freichel24,CPT_GoNoGo,reaction_time,group_diff_sig,ADHD group exhibited slower response times in some of the blocks  (2 out of 5),,,,,199,,,1,0
Freichel_2024,Freichel24,CPT_GoNoGo,reaction_time_var,group_diff_sig,ADHD group exhibited greater reaction-time variability in some blocks (2 out of 5),,,,,79,,,1,0
Fisher_2011,Fisher11,GoNoGo,commission_errors,group_diff_sig,"ADHD subjects had a significantly lower percentage of correct responses, making more commission errors in the NoGo condition.",t-test,t,-2.14,"< 0,05","78,35 ± 19,8","90,4 ± 7,05",,1,1
Fisher_2011,Fisher11,GoNoGo,ommission_errors,group_diff_sig,"ADHD subjects had a significantly lower percentage of correct responses, resulting in higher percentages of omission errors in the Go condition.",t-test,t,-2.2,"< 0,05","90,8 ± 9,01","96,3 ± 1,7",,1,1
Fisher_2011,Fisher11,GoNoGo,reaction_time_var,group_diff_sig,ADHD subjects were significantly more variable in their reaction times compared to controls.,t-test,t,2.85,"< 0,05","173,7 ± 38,3","126,2 ± 50",,1,1
Fisher_2011,Fisher11,GoNoGo,reaction_time,group_diff_non_sig,Reaction times to the Go trials did not differ significantly between the ADHD and control groups.,t-test,t,-1,"> 0,05","397,2 ± 79,6",362 ± 98,,0,1
Gorman_Bozorgpour_2013,Gorman13,GoNoGo,ommission_errors,group_diff_sig,The ADHD/combined sample scored significantly fewer hits than controls.,Least Significant Difference (LSD),nr,nr,"< ,01","Combined: Easy 91,31%, Hard 88,55%","Easy 96,44%, Hard 94,77%",nr,1,1
Gorman_Bozorgpour_2013,Gorman13,GoNoGo,commission_errors,group_diff_sig,There was a significant overall difference between diagnostic groups in the percentage of false alarms.,ANOVA,F,5.11,"< ,008","Inattentive: Easy 1,63%, Hard 7,94%; Combined: Easy 3,82%, Hard 12,58%","Easy 0,47%, Hard 6,55%",0.12,1,1
Gorman_Bozorgpour_2013,Gorman13,GoNoGo,reaction_time_var,group_diff_sig,Participants with the ADHD/combined subtype had significantly more variability in reaction time than controls.,Least Significant Difference (LSD),nr,nr,"< ,01","Combined: Easy 104,39ms, Hard 117,68ms","Easy 86,48ms, Hard 100,99ms",nr,1,1
Grane_2016,Grane16,GoNoGo,reaction_time_var,group_diff_non_sig,There were no significant differences between the groups in reaction time variability,independent samples t-test,t,1.33,0.188,"112,8ms","101,6ms",0.34,0,1
Grane_2016,Grane16,GoNoGo,ommission_errors,group_diff_sig,The ADHD group had significantly more Go trial omission errors (not responding to Go signals) compared to the healthy control group,independent samples t-test,t,2.13,0.037,"7,5 errors","4,4 errors",0.27,1,1
Kakuszi_2016,Kakuszi16,GoNoGo,reaction_time_var,group_diff_sig,"The ADHD group had a significantly larger coefficient of variation for reaction times, indicating greater intra-subject variability",Quantile Regression,Wald Chi-square,4.77,0.029,27% (Median),22% (Median),nr,1,0
Kakuszi_2016,Kakuszi16,GoNoGo,reaction_time,group_diff_sig,ADHD patients had significantly faster median reaction times during the Go condition compared to healthy controls,Quantile Regression,Wald Chi-square,4.46,0.035,"433,1 ms (Median)","459,5 ms (Median)",nr,2,0
Kakuszi_2016,Kakuszi16,GoNoGo,reaction_time_var,group_diff_sig,ADHD patients exhibited significantly larger intra-individual variability (standard deviation) in their reaction times,Quantile Regression,Wald Chi-square,4.44,0.034,"150,8 ms (Median)","129,4 ms (Median)",nr,1,1
Kakuszi_2016,Kakuszi16,GoNoGo,reaction_time,group_diff_sig,ADHD patients demonstrated significantly faster premature/fast responses (lower quartile of reaction times) than controls,Quantile Regression,Wald Chi-square,7.27,0.007,"388,6 ms","432,8 ms",nr,2,1
Kakuszi_2020,Kakuszi20,GoNoGo,commission_errors,group_diff_sig,group effect on commission errors,ANOVA,F,4.72,0.032,,,,1,1
Koechel_2012,Koechel12,GoNoGo,commission_errors,group_diff_non_sig,No group differences were found for commission errors,"Two-way ANOVA (between-subject GROUP, within-subject EMOTION)",F,0.99,0.327,"Angry: 19,58%; Fearful: 28,06%; Sad: 24,5%; Happy: 13,47%; Neutral: 8,33%","Angry: 17,36%; Fearful: 24,17%; Sad: 22,08%; Happy: 9,44%; Neutral: 6,53%",,0,1
MacLaren_2007,MacLaren07,stop_signal,reaction_time,group_diff_non_sig,There was no statistically significant difference between the ADHD and control groups in their mean reaction time to target stimuli during the initial Oddball Task,independent t-test,t,1.34,0.188,"379,8 ms","360,5 ms",,0,1
MacLaren_2007,MacLaren07,stop_signal,reaction_time_var,group_diff_non_sig,"There was no significant difference between the groups in their SSRT, which is used as an indicator of inhibitory control",independent t-test,t,0.91,0.369,"243,1 ms","257,5 ms",,0,1
MacLaren_2007,MacLaren07,stop_signal,commission_errors,group_diff_non_sig,The rates at which participants failed to inhibit their button presses were not significantly different between the ADHD and control groups at any of the three stop signal delays,nr,nr,nr,nr,nr,nr,,0,1
MacLaren_2007,MacLaren07,stop_signal,reaction_time,group_diff_non_sig,"Although reaction times were generally slower in the Stop Signal Task compared to the Oddball Task, the difference in mean reaction time between the ADHD and control groups remained non-significant",independent t-test,t,0.21,0.834,"622,3 ms","626,5 ms",,0,0
Münger_2022,Münger22,CPT_GoNoGo,reaction_time,group_diff_sig,Increased reaction times for ADHD,latent growth curve models,effect of group,24,"[5, 42]",,,0.31,1,1
Münger_2022,Münger22,CPT_GoNoGo,commission_errors,group_diff_sig,Increased commission errors for ADHD,latent growth curve models,effect of group,0.52,"[0.12, 0.92]",,,0.25,1,1
Münger_2022,Münger22,CPT_GoNoGo,reaction_time_var,group_diff_sig,Increased reaction time variability for ADHD,latent growth curve models,effect of group,3.65,"[2.39, 4.91]",,,0.31,1,1
Münger_2022,Münger22,CPT_GoNoGo,ommission_errors,group_diff_sig,Increased ommission errors for ADHD,latent growth curve models,effect of group,1.81,"[1, 2.62]",,,0.31,1,1
Papp_2023,Papp23,GoNoGo,commission_errors,group_diff_sig,"commission error rates were 8.8% in the ADHD and 3.0% in the control group, respectively",,,,,8.80%,3.00%,,1,1
Papp_2023,Papp23,GoNoGo,reaction_time,group_diff_non_sig,"Task performance speed was comparable in the two study groups (505.9 ms vs. 505.6 ms, p = 0.9862 in the ADHD and control group, respectively",unpaired t_test,,,0.9862,505.9,505.6,,0,1
Rodriguez_2007,Rodriguez07,GoNoGo,,group_diff_trend,Suppress-to-target: Difference in commission error RT between control group and ADHD-All approached but did not reach significance.,Planned comparison,F,3.65,0.0587,Not provided,Not provided,0.06,0,0
Rodriguez_2007,Rodriguez07,GoNoGo,,group_diff_sig,Suppress-to-target: Significant overall effect. ADHD-Combined and ADHD-HI implemented a more liberal strategy than Control and ADHD-IA.,One-way ANOVA,F,4.36,0.0076,"IA: 2,05, HI: 1,15, Comb: 1,00",2.02,0.18,1,0
Rodriguez_2007,Rodriguez07,GoNoGo,,group_diff_sig,Suppress-to-target: Control group had significantly more signal sensitivity than the ADHD-All group.,Planned comparison,F,4.34,0.0414,"IA: 3,32, HI: 3,48, Comb: 3,65",3.85,0.07,1,0
Rodriguez_2007,Rodriguez07,GoNoGo,,group_diff_sig,Respond-to-target: Significant overall effect. Control group was significantly more sensitive than ADHD-IA and ADHD-HI groups.,One-way ANOVA,F,5.17,0.003,"IA: 3,75, HI: 3,85, Comb: 4,04",4.52,0.21,1,0
Rodriguez_2007,Rodriguez07,GoNoGo,,group_diff_sig,Respond-to-target: Control group had significantly more signal sensitivity than the ADHD-All group,Planned comparison,F,13.61,0.0005,"IA: 3,75, HI: 3,85, Comb: 4,04",4.52,0.18,1,0
Rodriguez_2007,Rodriguez07,GoNoGo,,group_diff_non_sig,Suppress-to-target: No significant difference between control group and ADHD-All group.,Planned comparison,F,0.2,0.6546,"IA: 2,05, HI: 1,15, Comb: 1,00",2.02,0.01,0,0
Prox_2007,Prox07,GoNoGo,hit_rate,group_diff_non_sig,No significant difference in hit rate between groups.,ANOVA,not provided,not provided,ns,0.971,0.982,not provided,0,0
Prox_2007,Prox07,GoNoGo,reaction_time,group_diff_non_sig,No significant difference in reaction time between groups,ANOVA,not provided,not provided,ns,549 ms,534 ms,not provided,0,1
Shen_2014,Shen14,stop_signal,reaction_time_var,group_diff_non_sig,No significant difference in the intra-individual standard deviation of reaction times (reaction time variability).,ANOVA,F,0.1,ns,88,86,nr,0,1
Shen_2014,Shen14,stop_signal,ommission_errors,group_diff_sig,Significant difference in the percentage of ommission errors between the groups.,ANOVA,F,3.31,0.08,0.0222,0.0125,nr,1,1
Shen_2014,Shen14,stop_signal,commission_errors,group_diff_non_sig,No significant difference in choice errors,ANOVA,F,0.3,ns,543 ms,565 ms,nr,0,1
Shen_2014,Shen14,stop_signal,reaction_time,group_diff_non_sig,No significant difference between the HI and the LI groups in mean reaction time during the Go task.,ANOVA,F,0.01,ns,560 ms,565 ms,nr,0,1
Wiersema_2008,Wiersema08,GoNoGo,reaction_time_var,group_diff_non_sig,There was no significant difference between the groups in how much individual reaction times fluctuated across trials (SD-RT).,Univariate ANOVA,F,0.2,0.23,"96,5 ms","88,2 ms",0.04,0,1
Wiersema_2008,Wiersema08,GoNoGo,ommission_errors,group_diff_non_sig,"The percentage of missed responses to Go signals (errors of omission) was virtually identical, showing no significant group difference.",Univariate ANOVA,F,0.01,0.94,0.023,0.024,0,0,1
Wiersema_2008,Wiersema08,GoNoGo,commission_errors,group_diff_non_sig,The percentage of false alarms (errors of commission) to No-Go signals was not significantly different between the ADHD and control groups.,Univariate ANOVA,F,0.9,0.36,0.136,0.11,0.02,0,1
Wiersema_2008,Wiersema08,GoNoGo,reaction_time,group_diff_non_sig,Adults with ADHD did not perform significantly slower than controls in mean target reaction time on correct Go trials.,Univariate ANOVA,F,0.9,0.33,419 ms,406 ms,0.02,0,1
Wiersema_2007,Wiersema07,GoNoGo,reaction_time_var,group_diff_sig,in both conditions males with ADHD showed a more variable response style than male controls,repeated-measures ANOVA,F,4.8,"<0,04",,,,1,1
Wiersema_2007,Wiersema07,GoNoGo,,interaction_eff_sig,"Males with ADHD responded slower than control males, only in the slow condition",repeated-measures ANOVA,F,8.1,"<0,008",,,,1,0
Wiersema_2007,Wiersema07,GoNoGo,,group_diff_non_sig,no main group effect for response inhibition,repeated-measures ANOVA,F,nr,nr,,,,0,0
Wiersema_2007,Wiersema07,GoNoGo,commission_errors,group_diff_non_sig,group effect on percentage errors of commission were not significant,repeated-measures ANOVA,F,nr,nr,,,,0,1
Wiersema_2007,Wiersema07,GoNoGo,reaction_time,group_diff_non_sig,No main group eff on RT was found,repeated-measures ANOVA,F,nr,nr,,,,0,1
Woltering_2013,Woltering13,GoNoGo,ommission_errors,group_diff_sig,the ADHD group performed significantly worse on Go trial accuracy compared to the control group.,ANCOVA,F,4.28,0.04,0.9,0.91,0.05,1,1
Woltering_2013,Woltering13,GoNoGo,commission_errors,group_diff_sig,The ADHD group performed significantly worse on Nogo trial accuracy (withholding their response) compared to the control group,ANCOVA,F,4.73,0.03,0.6,0.64,0.06,1,1
Woltering_2013,Woltering13,GoNoGo,reaction_time,group_diff_non_sig,No significant differences were found between the groups for reaction time on Go trials,ANCOVA,F,nr,0.19,"317,44 ms","311,82 ms",nr,0,1
Markovska-Simoska_2016,Markovska16,CPT_GoNoGo,commission_errors,group_diff_sig,VCPT Commission errors. The ADHD group showed a significantly higher number of commission errors compared to the control group.,One-way ANOVA,nr,nr,"< 0,05",nr,1.24,0.69,1,1
Markovska-Simoska_2016,Markovska16,CPT_GoNoGo,ommission_errors,group_diff_sig,VCPT Omission errors. The ADHD group showed a significantly higher number of omission errors compared to the control group.,One-way ANOVA,nr,nr,"< 0,001",nr,5.89,1.4,1,1
Markovska-Simoska_2016,Markovska16,CPT_GoNoGo,commission_errors,group_diff_non_sig,ECPT Commission errors. There was no statistically significant difference in commission errors between the ADHD and control groups.,One-way ANOVA,nr,nr,ns,nr,2.33,1.96,0,1
Markovska-Simoska_2016,Markovska16,CPT_GoNoGo,ommission_errors,group_diff_sig,ECPT Omission errors. The ADHD group showed a significantly higher number of omission errors compared to the control group.,One-way ANOVA,nr,nr,"< 0,001",nr,14.7,3.5,1,0
Markovska-Simoska_2016,Markovska16,CPT_GoNoGo,reaction_time,group_diff_sig,ECPT Reaction Time (ms). The ADHD group had a significantly higher (slower) reaction time compared to the control group.,One-way ANOVA,nr,nr,"< 0,01",nr,456.18,411.23,1,1
Markovska-Simoska_2016,Markovska16,CPT_GoNoGo,reaction_time_var,group_diff_sig,ECPT Variability of RT (ms). The ADHD group showed a significantly higher variance in reaction time compared to the control group.,One-way ANOVA,nr,nr,"< 0,001",nr,13.94,9.8,1,1
Deiber_2020,Deiber20,CPT_GoNoGo,,group_diff_sig,ADHD group showed significantly reduced stimulus discriminability (D-prime) on the CPT compared to controls,rm anova,F,25.5,"<0,001",,,,1,0
Deiber_2020,Deiber20,CPT_GoNoGo,reaction_time_var,group_diff_sig,ADHD group demonstrated significantly more reaction time variability (SD RT) on the CPT compared to controls,rm anova,F,16.23,"<0,001",,,,1,1
Deiber_2020,Deiber20,CPT_GoNoGo,commission_errors,group_diff_sig,ADHD group committed significantly more commission errors on the CPT than controls,rm anova,F,12.83,"<0,001",,,,1,1
Deiber_2020,Deiber20,CPT_GoNoGo,ommission_errors,group_diff_sig,ADHD group committed significantly more omission errors on the CPT than controls,rm anova,F,10.4,"<0,001",,,,1,1
Taymourtash_2014,Taymourtash14,CPT_GoNoGo,reaction_time_var,group_diff_sig,"A significant main effect of Group was found, demonstrating that response speed inconsistency was significantly greater in adults with ADHD compared to healthy controls",repeated measures ANOVA,F,8.491,0.009,"1-s: 8.151, 2-s: 7.49, 4-s: 7.77","1-s: 6.28, 2-s: 7.17, 4-s: 5.84",0.309,1,1
Taymourtash_2014,Taymourtash14,CPT_GoNoGo,ommission_errors,group_diff_non_sig,"The main effect of Group was not significant for omission error rates (failing to respond to ""non-X"" stimuli)",repeated measures ANOVA,F,0.07,0.934,"1-s: 0.7, 2-s: 0.1, 4-s: 0.4","1-s: 0.36, 2-s: 0.45, 4-s: 0.45",nr,0,1
Taymourtash_2014,Taymourtash14,CPT_GoNoGo,commission_errors,group_diff_non_sig,"The main effect of Group was not significant for commission error rates (failing to inhibit response to ""X"" stimuli)",repeated measures ANOVA,F,0.053,0.821,"1-s: 4.8, 2-s: 4.3, 4-s: 5.3","1-s: 4.91, 2-s: 4.45, 4-s: 4.18",nr,0,1
Taymourtash_2014,Taymourtash14,CPT_GoNoGo,reaction_time,group_diff_non_sig,The main effect of Group for Hit RT was not statistically significant.,repeated measures ANOVA,F,1.55,0.228,"1-s: 356.7 ms, 2-s: 368.6 ms, 4-s: 392.9 ms","1-s: 321.64 ms, 2-s: 339.82 ms, 4-s: 360",nr,0,1
Doehnert_2013,Doehnert13,CPT_GoNoGo,reaction_time_var,group_diff_sig,"Reaction time standard deviation (RT-SD) at Time 4: Adults with childhood ADHD continue to display significantly more inconsistent and fluctuating response speeds, indicating a persistent deficit in timing or state regulation.",post hoc t-test,t,nr,< 0.01,,,,1,1
Doehnert_2013,Doehnert13,CPT_GoNoGo,,group_diff_non_sig,Signal detection sensitivity (d') at Time 4: The ability to accurately distinguish between targets and non-targets catches up to healthy controls by early adulthood.,post hoc t-test,t,nr,n.s.,,,,0,0
Doehnert_2013,Doehnert13,CPT_GoNoGo,reaction_time,group_diff_non_sig,Reaction time (RT) at Time 4: The overall physical speed of responding normalizes to match healthy controls in early adulthood.,post hoc t-test,t,nr,n.s.,,,,0,1
Doehnert_2013,Doehnert13,CPT_GoNoGo,,group_diff_non_sig,Response Bias C at Time 4: Adults with childhood ADHD employ a similar decision-making strategy and caution level as healthy controls when completing the task.,post hoc t-test,t,nr,n.s.,,,,0,0
Doehnert_2013,Doehnert13,CPT_GoNoGo,,group_diff_non_sig,"CPT: Hits at Time 4: Target detection accuracy normalizes by adulthood, meaning individuals with childhood ADHD can identify targets as well as healthy controls.",post-hoc t-test,t,nr,ns,,,,0,0
Doehnert_2013,Doehnert13,CPT_GoNoGo,commission_errors,group_diff_non_sig,Commission errors were not significantly different in T4,,,,,,,,0,1
McLoughlin_2010,McLoughlin10,CPT_GoNoGo,ommission_errors,group_diff_sig,Participants with ADHD made significantly more omission errors compared to control participants.,Generalized Estimating Equations (GEE),z,3.33,"< 0,001","CPT-OX: 3,23 Flanker: 2,76","CPT-OX: 0,6 Flanker: 0,45",,1,1
McLoughlin_2010,McLoughlin10,CPT_GoNoGo,commission_errors,group_diff_non_sig,The groups did not differ significantly in their total number of commission errors.,GEE,z,-0.4,0.69,"CPT-OX: 0,57 Flanker: 0,57","CPT-OX: 0,1 Flanker: 1,0",,0,1
McLoughlin_2010,McLoughlin10,CPT_GoNoGo,commission_errors,group_diff_non_sig,There was no statistically significant difference between the ADHD and control groups in O-not-X commission errors.,GEE,z,1.34,0.18,"CPT-OX: 1,33 Flanker: 2,19","CPT-OX: 0,45 Flanker: 0,45",,0,0
McLoughlin_2010,McLoughlin10,CPT_GoNoGo,reaction_time,group_diff_sig,Adults with ADHD demonstrated significantly slower mean reaction times (MRT) compared to controls across both tasks.,Repeated-measures ANOVA,F,11.9,0.001,"CPT-OX: 473,54 Flanker: 468,79","CPT-OX: 371,43; Flanker: 377,76",,1,1
McLoughlin_2010,McLoughlin10,CPT_GoNoGo,reaction_time_var,group_diff_sig,The ADHD group showed significantly greater within-subject reaction time variability (SD-RT) than the control group.,Repeated-measures ANOVA,F,20.59,"< 0,001","CPT-OX: 138,85 Flanker: 129,16","CPT-OX: 71,86; Flanker: 69,13",,1,1
Cowley_2022,Cowley22,CPT_GoNoGo,commission_errors,group_diff_sig,ADHD group showed more commission errors than controls in H1,anova,F,4.12,"<0,046",,,"η² = 0,059",1,1
Cowley_2022,Cowley22,CPT_GoNoGo,,group_diff_sig,ADHD group showed lower d′ (poorer target discrimination) than controls in H1,anova,F,5.3,"<0,024",,,"η² = 0,074",1,0
Cowley_2022,Cowley22,CPT_GoNoGo,reaction_time_var,group_diff_sig,ADHD group showed greater reaction time variability (RTV) than controls in H2,anova,F,4.52,"<0,037",,,"η² = 0,064",1,1
Hale_2010,Hale10,CPT_GoNoGo,commission_errors,group_diff_sig,ADHD group made significantly more commission errors on the CPT than controls.,t-test,t,-2.27,0.25,no,12.8,9.7,1,1
Diamanti_2025,Diamanti25,CPT_GoNoGo,ommission_errors,group_diff_sig,increase in Omission (%) for ADHD,manova,F,9.61,0.003,3.35,0.43,,1,1
Diamanti_2025,Diamanti25,CPT_GoNoGo,commission_errors,group_diff_sig,increase in Commission (%) for ADHD,manova,F,12.82,<0.001,28.21,16.44,,1,1
Diamanti_2025,Diamanti25,CPT_GoNoGo,reaction_time,group_diff_non_sig,No significant difference in Reaction time (ms),manova,F,0.79,0.378,331.1,340.9,,0,1
Diamanti_2025,Diamanti25,CPT_GoNoGo,reaction_time_var,group_diff_sig,Increase in Variation coefficient (%) for ADHD,manova,F,30.8,<0.001,24.92,19.49,,1,1