short_id,Data Availability Statement Details,Preregistered
Bekker05,Unstated (No dedicated Data Availability Statement),No
Cowley22,"Public Repository (Figshare): ""we provide open access to the background details of our analyses... at https://doi.org/10.6084/m9.figshare.13614446.v1""",No
Deiber20,Unstated (No dedicated Data Availability Statement),No
Deiber21,Unstated (No dedicated Data Availability Statement),No
Diamanti25,Unstated (No dedicated Data Availability Statement),No
Doehnert13,Unstated (No dedicated Data Availability Statement),No
Fisher11,Unstated (No dedicated Data Availability Statement),No
Freichel24,"Restricted / Denied: ""The authors do not have permission to share data.""",No
Gorman13,Unstated (No dedicated Data Availability Statement),No
Grane16,"Restricted Institutional Access: ""Data are made available to researchers who meet criteria for access to confidential data upon request... submitted to Chief Physician, Fred A. Mürer (Fred.A.Murer@Helgleandssykehuset.no)""",No
Gu18,"Public Repository (Figshare): ""Woltering, Steven; Gu, Chao (2018): Script and Data. figshare... https://figshare.com/articles/Script_and_Data/6667499; EEG Raw Data: https://figshare.com/articles/EEG_Raw_Data/6662972""",No
Hale09,Unstated (No dedicated Data Availability Statement),No
Hale10,Unstated (No dedicated Data Availability Statement),No
Hale14,Unstated (No dedicated Data Availability Statement),No
Jang20,"Available Upon Request: ""The raw data supporting the conclusions of this article will be made available by the authors, without undue reservation.""",No
Kakuszi16,Unstated (No dedicated Data Availability Statement),No
Kakuszi20,Unstated (No dedicated Data Availability Statement),No
Kim14,Unstated (No dedicated Data Availability Statement),No
Kim16,Unstated (No dedicated Data Availability Statement),No
Koechel12,Unstated (No dedicated Data Availability Statement),No
Luo19,Unstated (No dedicated Data Availability Statement),No
MacLaren07,Unstated (No dedicated Data Availability Statement),No
Markovska16,Unstated (No dedicated Data Availability Statement),No
McLoughlin10,Unstated (No dedicated Data Availability Statement),No
Missonnier13,Unstated (No dedicated Data Availability Statement),No
Münger22,"Restricted / Available Upon Request: ""The data tables and R analysis code will be made available on request. The raw EEG data are not publicly available and can only be accessed via collaborations with the Brain and Trauma Foundation Grisons.""",No
Papp23,"Available Upon Request: ""The datasets generated during and/or analyzed during the current study are available from the corresponding author on reasonable request.""",No
Prox07,Unstated (No dedicated Data Availability Statement),No
Rodriguez07,Unstated (No dedicated Data Availability Statement),No
Shen14,Unstated (No dedicated Data Availability Statement),No
Smit23,Unstated (No dedicated Data Availability Statement),No
Stroux16,"Available Upon Request: ""Data will be made available on request.""",No
Taymourtash14,Unstated (No dedicated Data Availability Statement),No
White05,Unstated (No dedicated Data Availability Statement),No
Wiegand16,Unstated (No dedicated Data Availability Statement),No
Wiersema07,Unstated (No dedicated Data Availability Statement),No
Wiersema08,Unstated (No dedicated Data Availability Statement),No
Woltering13,Unstated (No dedicated Data Availability Statement),No
Zhao20,Unstated (No dedicated Data Availability Statement),No
,"Available Upon Request: ""The datasets generated for this study are available on request to the corresponding author.""",No