short_id,Q1,Q2 ,Q3,Q4,Q5,Q6,Q7,Q8,Q9,total
Bekker05,1,0,0,1,1,1,1,1,1,7
Cowley22,1,0,1,0,1,1,1,1,1,7
Deiber20,1,0,1,1,1,0,1,1,1,7
Deiber21,1,0,1,1,1,0,1,1,1,7
Diamanti25,1,0,1,1,1,0,1,1,1,7
Doehnert13,1,1,1,1,1,0,1,1,1,8
Fisher11,1,0,0,0,1,1,1,1,1,6
Freichel24,1,0,1,1,1,0,1,1,0,6
Gorman13,1,0,1,1,1,1,1,1,1,8
Grane16,1,1,1,1,1,1,1,1,1,9
Gu18,0,0,1,0,1,0,1,1,0,4
Hale09,1,0,1,1,1,0,0,1,0,5
Hale10,1,0,1,1,1,1,0,1,1,7
Hale14,1,0,1,1,1,0,1,1,0,6
Jang20,0,0,1,1,1,0,1,1,1,6
Kakuszi16,1,0,0,0,1,1,1,1,0,5
Kakuszi20,1,0,0,0,1,1,1,1,1,6
Kim14,1,0,1,0,1,0,1,1,1,6
Kim16,0,0,1,1,1,0,1,1,1,6
Koechel12,1,0,1,1,1,0,1,1,1,7
Luo19,1,0,0,1,1,1,1,1,1,7
MacLaren07,0,0,1,0,1,0,1,1,1,5
Markovska16,1,0,1,1,1,1,1,1,1,8
McLoughlin10,1,0,0,0,1,1,1,1,1,6
Missonnier13,1,0,1,1,1,0,1,1,1,7
Münger22,1,1,1,0,1,1,1,1,0,7
Papp23,1,0,1,0,1,1,1,1,1,7
Prox07,1,0,1,0,1,0,1,1,1,6
Rodriguez07,1,0,1,0,0,1,1,1,0,5
Shen14,0,0,1,0,1,0,1,1,1,5
Smit23,0,0,1,0,1,1,1,1,0,5
Stroux16,1,0,0,1,1,1,1,1,1,7
Taymourtash14,1,0,1,0,0,1,1,1,1,6
White05,1,0,1,0,1,0,1,1,1,6
Wiegand16,1,0,0,0,1,0,1,1,1,5
Wiersema07,1,0,0,0,1,0,1,1,1,5
Wiersema08,1,0,0,0,1,0,1,1,1,5
Woltering13,1,0,1,0,1,0,1,1,0,5
Zhao20,1,0,1,1,1,0,1,1,1,7