Table_Id,Table_Title,Dimension,Column_Name,Description,Example values
Table S1,Sample Information,Sample Size,sample_n_total,Total sample size across both clinical/trait and control groups included in the final analysis.,"Integer count (e.g., 48, 71)"
Table S1,Sample Information,Sample Size,sample_n_adhd,Number of participants categorized into the ADHD or high-trait ADHD experimental group.,"Integer count or subtype breakdown (e.g., 24, 53, 40 (18 inattentive; 22 combined))"
Table S1,Sample Information,Demographics,sample_adhd_female,Proportion of female individuals within the ADHD / trait cohort.,Numeric value (0–1) or NA
Table S1,Sample Information,Demographics,sample_adhd_age_mean,Mean age (in years) of the ADHD / trait cohort.,Numeric (mean in years) or NA
Table S1,Sample Information,Demographics,sample_adhd_age_sd,Standard deviation of participant age in the ADHD / trait cohort.,Numeric (SD in years) or NA
Table S1,Sample Information,Demographics,sample_control_female,Proportion of female individuals within the healthy comparison/control group.,Numeric value (0–1) or NA
Table S1,Sample Information,Demographics,sample_control_age_mean,Mean age (in years) of the healthy comparison/control group.,Numeric (mean in years) or NA
Table S1,Sample Information,Demographics,sample_control_age_sd,Standard deviation of age in the healthy comparison/control group.,Numeric (SD in years) or NA
Table S1,Sample Information,Demographics,missing_values_age,Explanations for missing values given by authors (if any),Long String or blank
Table S1,Sample Information,Methodological Control,group_level_matching,"Indicates whether the study employed group-level matching (e.g., age, sex, IQ) between ADHD and control groups at design/recruitment stage.",1 = Matched at group level; 0 = Not matched / unstated / single group
Table S1,Sample Information,Methodological Control,control_method_age,Qualitative description of design-stage procedures or justification used to manage age differences between cohorts.,"Narrative summary (e.g., 'None: Relying purely on baseline matching; no age covariates in final models')"
Table S1,Sample Information,Methodological Control,statistical_control_age,Indicates whether participant age was formally modeled as a covariate in downstream statistical analyses.,1 = Statistically controlled/covaried; 0 = Not statistically controlled
Table S1,Sample Information,Medication Handling,stimulant_handling_procedure,Qualitative protocol detailing how stimulant medication was handled prior to behavioral/EEG testing.,"Narrative detail (e.g., 'Washout: 48 hours prior to recording', 'Stimulant-Naïve', 'Unmedicated')"
Table S1,Sample Information,Medication Handling,stimulant_handling,Binary indicator for whether an explicit stimulant control procedure was enforced.,"1 = Procedural control enforced (washout, medication-naïve cohort); 0 = No explicit stimulant control / unmedicated status unverified"
Table S1,Sample Information,Medication Handling,other_medication_clinical_group,"Qualitative report of active non-stimulant psychoactive medications (e.g., SSRIs, atomoxetine, anticonvulsants) present or permitted in the ADHD group.",Narrative inventory of concurrent medications or confirmation of none active
Table S1,Sample Information,Medication Handling,no_other_medication,Binary indicator evaluating whether the ADHD cohort was completely free from concurrent non-stimulant psychoactive medications during testing.,1 = Verified free from other psychoactive medications; 0 = Other psychoactive medications present or permitted
Table S1,Sample Information,Medication Handling,control_method_medication,Qualitative narrative describing the broader methodological or analytical strategy used to account for medication confounding.,"Narrative summary (e.g., 'Exclusion/Washout: ≥ 6 half-lives', 'None: Flagged as methodological limitation')"
Table S1,Sample Information,Methodological Control,statistical_control_medication,Indicates whether medication (especially stimulants) status (or dose/class) was included as a covariate or factor in downstream statistical models.,"1 = Statistically controlled; 0 = Not statistically controlled; NA = Not applicable (e.g., medication-free cohort)"
Table S1,Sample Information,Cohort Definition,clinical/trait_group,Classification of the target ADHD population examined.,"Categorical: 'clinical' (formal DSM/ICD diagnosis), 'ADHD-traits' (dimensional/subclinical cohort), or hybrid"
Table S1,Sample Information,Diagnostic Context,included/permitted_comorbidities,Criteria and reporting regarding co-occurring psychiatric or neurological conditions in the study cohort.,"Narrative summary (e.g., 'None (pure ADHD cohort)', 'Psychiatric comorbidities permitted unless primary acute treatment was required')"
Table S1,Sample Information,Diagnostic Assessment,adhd_symptom_scales,"Inventory of specific diagnostic interviews, psychometric dimensional scales, or screening tools administered.","Specific instrument names/acronyms (e.g., DIVA, CAARS, ASRS, BADDS, WURS)"
Table S1,Sample Information,Diagnostic Rigor,rating,"Quality rating assessing the depth of ADHD diagnostic operationalization based on three core components: (1) clinical interview, (2) dimensional ADHD questionnaire, and (3) retrospective childhood symptom assessment.","A = All 3 core components present; B = At least one standardized dimensional scale (e.g., CAARS) or structured clinical interview; C = Relies solely on screening tools or checklists"
Table S1,Sample Information,Analysis Scope,relationship_investigated,Indicates whether the study explicitly conducted statistical analyses testing the relationship between behavioral/EEG parameters and dimensional ADHD symptom scales.,yes' = Dimensional brain/behavior vs. symptom relationship statistically modeled; 'no' = Between-group comparisons only without continuous symptom correlation