study_id,short_id,paradigm,nr_trials,nr_blocks,duration,stimulus_presentation,inter_trial_variation,extracted_isi,jittered_ITI,useful_nr_trials,other_task_variation,specific_information
Deiber_2020,Bekker05,GoNoGo,240,2,10,Letters shown for 200 ms (max response window: 600 ms),"ITIs randomized at 800, 900, or 1000 ms","[800.0, 900.0, 1000.0]",1,"Go: CPT1 171.1±9.2, CPT2 172.8±10.3; NoGo: CPT1 43.1±9.4, CPT2 42.5±7.3","75% Go (180 non-X trials), 25% NoGo (60 target 'X' trials); Pre- and post-neurofeedback blocks",Visual letter-based Go/NoGo CPT (speeded responses to 15 sequential letters except rare target 'X')
Deiber_2021,Cowley22,GoNoGo,480,2,10,Letters shown for 200 ms (max response window: 600 ms),"Varying ITIs of 800, 900, or 1000 ms","[800.0, 900.0, 1000.0]",1,"Go: CPT1 171.1±9.2, CPT2 172.8±10.3; NoGo: CPT1 43.1±9.4, CPT2 42.5±7.3","75% Go (180 trials/block), 25% NoGo (60 trials/block); Administered twice at 30-min interval",Visual letter-based Go/NoGo CPT (exception 'X')
Diamanti_2025,Deiber20,GoNoGo,480,2,10,Letters shown for 200 ms (max response window: 600 ms),"ITIs jittered at 800, 900, and 1000 ms","[800.0, 900.0, 1000.0]",1,"Correct Go: ADHD 345±18, Controls 355±8; Error NoGo: ADHD 33±14, Controls 21±14","75% Go (360 trials), 25% NoGo (120 trials); 40-min resting gap between blocks",Visual letter-based Go/NoGo CPT (merged runs for error-monitoring ERPs)
Doehnert_2013,Deiber21,Continuous Performance Test (CPT),400,1,11,Letters shown for 150 ms (constant SOA of 1650 ms),Constant SOA of 1650 ms,[1650.0],0,"Min. 20 accepted trials per condition strictly required (Cue P300, NoGo P300, CNV)","20% Cue (80 'O' trials), 10% Go (40 'O'-'X'), 10% NoGo (40 'O'-non-'X'), 60% distractors; Longitudinal follow-up",Visual cued Continuous Performance Test (CPT-A-X at baseline; cued CPT-O-X at 11-yr follow-up)
Grane_2016,Diamanti25,GoNoGo,400,4,20,Cues (S1) & targets (S2) shown for 100 ms each; S1-S2 interval of 1000 ms (trial length: 3000 ms),Fixed trial-onset interval of 3000 ms,[3000.0],0,"Cue P3/CNV: ADHD 178.1±24.1, Controls 180.7±23.1; Go P3: ADHD 83.3±15.0, Controls 89.7±13.3; NoGo N2/P3: ADHD 89.0±11.8, Controls 90.4±10.8","25% Go (Animal-Animal), 25% NoGo (Animal-Plant), 25% Irrelevant (Plant-Plant), 25% Novel-Irrelevant (Plant-Human + tones); 2-min midway break",Visual cued picture Go/NoGo Task (realistic animal and plant images)
Hale_2009,Doehnert13,Continuous Performance Test (CPT),360,1,14,Letters shown with pseudo-randomized ISIs,Jittered ISIs ranging from 1000 to 4000 ms,"[1000.0, 4000.0]",1,"Continuous clean, artifact-free 1-second epochs processed via FFT","90% Go (button click to non-X letters), 10% NoGo (withhold to letter 'X'); 40-channel EEG","Visual Conners' Continuous Performance Test (CPT, letter stream)"
Hale_2010,Fisher11,Continuous Performance Test (CPT),360,1,15,Letters shown with randomized ISIs,Randomized ISIs from 1 to 4 seconds,"[1000.0, 4000.0]",1,"Clean, correct 1-second epochs with 50% overlap for Welch FFT periodograms","90% Go (non-X letters), 10% NoGo (target letter 'X'); High-density EEG","Visual Conners' Continuous Performance Test (CPT, letter stream)"
Hale_2014,Freichel24,Continuous Performance Test (CPT),360,6,15,Letters presented for 250 ms across 6 continuous blocks,"ISIs pseudo-randomized block-by-block at 1, 2, or 4 seconds","[1000.0, 2000.0, 4000.0]",1,Accepted clean 1-second epochs used for spectral power calculation,"90% Go (324 non-X letter trials), 10% NoGo (36 target 'X' trials)","Visual Conners' Continuous Performance Test II (CPT II, letters)"
Markovska-Simoska_2016,Gorman13,Continuous Performance Test (CPT),400,4,22,S1 cue and S2 target shown for 100 ms each; S1-S2 interval of 1000 ms,Fixed ITI of 3000 ms,[3000.0],0,"Min. 70 correct, clean trials per condition strictly required","25% Go, 25% NoGo, 25% Ignore, 25% Novel; 2 versions tested: neutral animal-plant (VCPT) vs. affective facial-expression (ECPT)",Visual CPT (VCPT) and Emotional CPT (ECPT) (cued physical-matching pictures/faces)
McLoughlin_2010,Grane16,Continuous Performance Test (CPT),400,4,11,Letters shown for 150 ms (constant SOA of 1650 ms / 1.65 s),Fixed SOA of 1650 ms,[1650.0],0,"Standard: Cue (Ctrl 73.7±6.6, ADHD 72.0±11.4), Go (Ctrl 35.9±4.5, ADHD 34.6±5.8), NoGo (Ctrl 36.9±3.6, ADHD 35.9±5.4); Flanked: Cue (Ctrl 75.3±6.5, ADHD 75.9±5.0), Go (Ctrl 37.9±2.5, ADHD 35.7±3.9), NoGo (Ctrl 37.3±3.9, ADHD 37.4±3.3)","20% Cue (80 'O' trials), 10% Go (40 'O'-'X'), 10% NoGo (40 'O'-not-'X'); High-conflict version includes flanker letters surrounding target",Visual Cued CPT (standard CPT-OX vs. high-conflict flanked CPT-OX)
Münger_2022,Gu18,GoNoGo,400,4,22,S1 cue and S2 target shown for 100 ms; S1-S2 interval of 1000 ms,Fixed ITI of 1000 ms,[1000.0],0,"Min. 40 valid, correct, artifact-free trials per condition required (otherwise excluded)","25% Go (Animal-Animal), 25% NoGo (Animal-Plant), 25% Ignore (Plant-Plant), 25% Ignore-with-Sound (Plant-Human); Tested 5 times across 2 years",Visual longitudinal cued picture-pair Go/NoGo (animals/plants)
Taymourtash_2014,Hale09,Continuous Performance Test (CPT),360,18,14,Letters shown for 250 ms,"ISIs randomized block-by-block at 1, 2, or 4 seconds","[1000.0, 2000.0, 4000.0]",1,"Correct Go and NoGo trials included in iICA: Controls 327.8±11.8, ADHD 323.5±22.8","90% Go (324 button clicks), 10% NoGo (36 target 'X' inhibitions)",Visual letter-based Continuous Performance Task (CPT)
White_2005,Hale10,Continuous Performance Test (CPT),500,1,13,"Fast paced, constant trial lengths of 1.5 seconds",Constant presentation rate (1.5 s trial length),[1500.0],0,"Visually accepted, artifact-free 2-second epochs for qEEG power spectra",Multimodal: pseudorandomized auditory and visual Go targets and NoGo non-targets; Fully counterbalanced,Integrated Visual and Auditory Continuous Performance Test (IVA)
Cowley_2022,Hale14,Continuous Performance Test (CPT),648,2,21.6,Stimuli presented for 100 ms with constant 2000 ms ISI,Constant 2000 ms ISI,[2000.0],0,Randomly downsampled to exactly 108 correct trials per test half (equalized SNR),"Half 1 (infrequent): 22.5% Go (72), 77.5% NoGo (252); Half 2 (frequent): 77.5% Go (252), 22.5% NoGo (72)",Visual Test of Variables of Attention (TOVA) version 8 (geometric squares)
Freichel_2024,Jang20,GoNoGo,360,1,14.5,Letters shown for 250 ms,"ISIs varied pseudo-randomly across trials at 1000, 2000, and 4000 ms","[1000.0, 2000.0, 4000.0]",1,Clean epochs averaged for alpha (8-12 Hz) ERD analysis,"90% Go (324 non-X letters), 10% NoGo (36 target 'X' trials)","Visual Continuous Performance Task (Conners' CPT-X, letters)"
Fisher_2011,Kakuszi16,GoNoGo,1000,5,25,Binaural tones presented for 40 ms,ISIs randomized and jittered between 1000 and 2000 ms,"[1000.0, 2000.0]",1,All correct response (Go) and correct inhibition (NoGo) trials free of ocular artifacts (<100 μV),"80% Go (800 trials, 2000 Hz tone), 20% NoGo (200 trials, 1000 Hz tone)",Auditory Go/NoGo Task (high vs. low frequency tones)
Kakuszi_2016,Kakuszi20,GoNoGo,256,1,6,Letters presented centrally for 200 ms,ISIs randomized between 1350 and 1650 ms (uniform distribution),"[1350.0, 1650.0]",1,"Analyzed correct Go trials: Controls 174±4, ADHD 171±18","90% Go (230 non-repeated letters), 10% NoGo (26 repeated letters)","Visual Go/NoGo Task (repetition avoidance, capital letters)"
Kakuszi_2020,Kim14,GoNoGo,480,2,12,Pictures presented centrally for 800 ms every 1400 ms (ISI: 600 ms),Constant ISI of 600 ms,[600.0],0,Min. 50 usable correct-response segments per emotional valence strictly required,"85% Go (408 trials, 1st-presentation), 15% NoGo (72 trials, immediately repeated); Positive, negative, neutral valences","Affective visual Go/NoGo Task (IAPS emotional pictures, repetition avoidance)"
Koechel_2012,Kim16,GoNoGo,960,5,25,Visual facial stimuli displayed for 1000 ms,Constant ISI of 500 ms,[500.0],0,"Clean correct responses (motor hit on Go, successful inhibition on NoGo)","75% Go (144 trials/block), 25% NoGo (48 trials/block); 5 facial blocks (anger, sadness, happiness, fear, neutral)",Emotional Go/NoGo Task (visual facial expressions)
Rodriguez_2007,Koechel12,GoNoGo,1000,6,36,Stimuli appeared on screen for 1000 ms,ISIs randomized between 550 and 950 ms,"[550.0, 950.0]",1,"All correct-only trials (hits for respond-to-target, correct rejections for suppress-to-target)","Respond-to-Target: 18% Go (30/block), 82% NoGo; Suppress-to-Target: 18% NoGo (30/block), 82% Go; 128-channel EEG","Visual Go/NoGo Tasks ('respond-to-target' vs. 'suppress-to-target', numbers varying in size)"
Wiersema_2007,Luo19,GoNoGo,310,2,22,Letters shown for 300 ms and immediately replaced by mask frames,Fast: ISI 1.7 to 2.3 s; Slow: ISI 7.7 to 8.3 s,"[1700.0, 2300.0, 7700.0, 8300.0]",1,Slow condition yielded ~60 Go (P3) and ~18 NoGo (N2) clean trials,"75% Go (letter 'K'), 25% NoGo (consonants); Fast vs. slow event rate state-regulation manipulation",Visually Cued Go/NoGo Task with visual backward mask (fast vs. slow event rate)
Wiersema_2008,MacLaren07,GoNoGo,508,1,11,Letters displayed for 300 ms and replaced by mask frame,Rapid ISI of 0.9 to 1.1 seconds (to induce errors),"[900.0, 1100.0]",1,"Error-related ERPs: Controls 14.8±8.7, ADHD 17.5±10.9 trials","75% Go (letter 'K'), 25% NoGo (consonants); Error monitoring (ERN/Pe)",Visually Cued Go/NoGo Task with visual mask (error monitoring)
Gorman_Bozorgpour_2013,Markovska16,GoNoGo,640,8,45,Letters shown for 50 ms at 1.5° left or right of central fixation cross,Intertrial interval (ITI) of 2.5 s,[2500.0],0,LRP construction: Mean 57.96±0.98 trials per condition (min. 15 required),"50% Go (letters 'l' or 'v'), 50% NoGo (numbers '1' or '2'); Easy vs. difficult visual discrimination",Visual Go/NoGo Choice Reaction Time (RT) Task (lateralized letters/numbers)
Papp_2023,McLoughlin10,GoNoGo,285,5,20,Cartoon pictures presented centrally for 1000 ms,Constant ISI of 3000 ms,[3000.0],0,Correct NoGo and Go trials in 280-380 ms P300 window for GFP,"75% Go, 25% NoGo; Difficulty manipulated by number of Go trials (1, 3, or 5) preceding NoGo",Visual Go/NoGo Task (cued cartoon character stimuli with parametric prepotency)
Prox_2007,Missonnier13,GoNoGo,1000,2,30,Visual letters shown for 100 ms,ISI randomly jittered between 1300 and 2100 ms (mean 1700 ms),"[1300.0, 2100.0, 1700.0]",1,Correctly detected targets (hits) and correct rejections separately averaged,"4 categories (25% each): target 'H' (large), target 'O' (large), non-target 'H' (small), non-target 'O' (small)","Visual Target Discrimination Task (two-choice Go/NoGo, large vs. small letters)"
Woltering_2013,Münger22,GoNoGo,216,1,8,"Letters presented for ≥450 ms (or until button press), then 800 ms clear-time",Stimulus-dependent (pushed by RT) + 300 ms red error bar feedback,,,Correct NoGo trials flanked by correct Go trials directly preceding and following,"67% Go (144 non-repeated), 33% NoGo (72 repeated letters); 21-trial practice block","Visual Go/NoGo Task (repetition avoidance, letters)"
Bekker_2005,Papp23,Stop Signal Task (SST),756,6,35,"Fixation (500 ms) → squarewave grating (750 ms); Stop tone: 1000 Hz, 80 dB, 400 ms",ITIs varied randomly between 1000 and 1250 ms,"[1000.0, 1250.0]",1,Correct Go and successful Stop trials free of artifacts,"60% Go (456 grating trials), 40% Stop (300 tone trials); Tracking algorithm adjusted SSD (stop-signal delay)",Visual Stop-Signal Task with auditory stop-signals (squarewave gratings)
MacLaren_2007,Prox07,Stop Signal Task (SST),464,1,20,Letters shown for 200 ms with 1800 ms blank interval; Stop cue ('S') shown for 200 ms,Fixed 1800 ms blank interval (constant 2000 ms trial length),[1800.0],0,Correct Go trials without 'S' and successfully inhibited stop trials,"Oddball: 30 target X, 90 non-target O; SST: 10.3% Stop (48 trials); Stop signal delays set to mean RT − 100/200/300 ms",Visual Stop-Signal Task and Visual Oddball Task (letters)
Shen_2014,Rodriguez07,Stop Signal Task (SST),1152,9,45,Fixation (150 ms) → Go letter (150 ms) → Blank (800-1100 ms); Stop 'S' at SOAs (200-500 ms),Blank screen jittered between 800 and 1100 ms,"[800.0, 1100.0]",1,"Successful inhibition: High impulsive 142±66, Low impulsive 131±48","75% Go (864 trials), 25% Stop (288 trials); Stop SOAs at 200, 300, 400, and 500 ms",Visual Stop-Signal Task (two-choice letter discrimination)
Jang_2020,Shen14,N-Back Task,360,2,18,Fixation crosshairs (1500 ms) → spatial stimuli (500 ms),Constant ISI of 2500 ms,[2500.0],0,Correct congruent Go trials free of artifacts (<100 μV),"30% Congruent/Go (108 trials), 70% Incongruent/NoGo (252 trials)",Visual Spatial 2-Back Task
Kim_2016,Smit23,N-Back Task,360,2,18,Digits centrally for 500 ms → fixation crosshairs for 1500 ms,Constant ISI of 2500 ms,[2500.0],0,"Clean accepted epochs (±70 μV): Controls 275.5±59.4, ADHD-trait 249.0±54.0","30% Congruent/Go (108 trials), 70% Incongruent/NoGo (252 trials)",Visual Verbal 2-Back Task (digits)
Missonnier_2013,Stroux16,N-Back Task,360,12,45,Letters embedded in noise presented centrally for 500 ms,Constant onset-to-onset interval of 5000 ms (5 s),[5000.0],0,"Clean non-motor epochs: Controls: Pass 48.2±14.2, Det 49.2±19.4, 1-B 51.0±18.2, 2-B 47.3±11.4; ADHD: Pass 46.9±13.6, Det 45.8±15.0, 1-B 45.1±17.3, 2-B 46.6±17.9","23.3% Response/Go (21 trials), 76.7% No-Response/NoGo (69 trials); Non-motor response trials analyzed","Visual Verbal N-Back Task (letters in noise; 0-back, 1-back, 2-back, passive fixation)"
Smit_2023,Taymourtash14,Stop Signal Task (SST),456,4,18,Stroop: color words for 500 ms; N-back: letters for 1000 ms,Randomized pre-stimulus and post-stimulus fixations,,1,Min. threshold of 27 epochs per condition required; downsampled to max 10 epochs difference,"Stroop: 50% Congruent, 50% Incongruent; N-back: 33.3% targets (8 per sequence of 24)","Visual executive function battery: Conflict (Stroop), Inhibition (SST), Switching, Updating (N-back)"
Stroux_2016,White05,N-Back Task,600,8,42,Letters presented for 750 ms followed by blank screen for 1750 ms,Constant trial length of 2500 ms,[2500.0],0,Threshold of 14-20 clean trials per condition required,"1-Back: 20% Targets, 80% Non-targets; 2-Back: 20% Targets, 10% Intrusion Lures (n-1), 70% Non-targets","Visual Verbal N-Back Task (1-back vs. 2-back with 'n-1 lures', letters)"
Zhao_2020,Wiegand16,N-Back Task,540,12,30,Digit stimuli shown centrally for 500 ms,ISI randomly jittered between 1600 and 1800 ms,"[1600.0, 1800.0]",1,"All clean correct trials (<200 μV deflection, <50 μV per sampling point step)",Targets occurred randomly in 33.3% of trials across all loads (60 targets/load),"Visual Verbal N-Back Task (0-back, 1-back, 2-back using digits)"
Gu_2018,Wiersema07,Working Memory / Change Detection Tasks,312,13,20,Fixation (600 ms) → Arrow cue (200 ms) → Jitter (400-900 ms) → Memory array (200 ms) → Retention (1000 ms) → Test array (500 ms),Jittered cue-to-memory interval of 400 to 900 ms,"[400.0, 900.0]",1,"Controls: High 71±15, Low 83±14, Distr 80±15; ADHD: High 62±15, Low 72±17, Distr 66±17","104 trials each: Low-Load (2 squares), High-Load (4 squares), Distractor-Load (2 squares + 2 distractor circles)","Visual Working Memory Change Detection Task (Vogel paradigm, colored squares and circles)"
Kim_2014,Wiersema08,Working Memory / Change Detection Tasks,144,12,22,"Spacebar press → Fixation (400 ms) → Sequential abstract targets (600 ms each, 400 ms ISI) → Delay (2000 ms) → Probe (2000 ms)",Self-paced trial initiation (spacebar),,0,Clean correct trials free of artifacts (<20% bad channels interpolated),"72 trials Low-Load (sequence of 2 abstract figures), 72 trials High-Load (sequence of 3 abstract figures)",Self-Paced Visual Delayed Match-to-Sample Task (non-verbal abstract figures)
Luo_2019,Woltering13,Working Memory / Change Detection Tasks,720,12,35,Fixation (400-600 ms) → Memory array (200 ms) → Delay (1200 ms) → Search array of 12 Landolt squares (200 ms),Jittered pre-stimulus fixation interval of 400 to 600 ms,"[400.0, 600.0]",1,Clean correct trials with RT between 200 and 2000 ms (no blinks or saccades),Low-Load (remember gap of 1 Landolt square) vs. High-Load (2 Landolt squares); Search array match in 50% of trials,Visual Working Memory Orientation Task with Visual Search (Landolt squares)
Wiegand_2016,Zhao20,Working Memory / Change Detection Tasks,240,6,30,Standard: Fixation (300 ms) → Blank (100 ms) → Array (adapted 10-200 ms) → Mask; EEG: Cue (200 ms) → Array (200 ms),Fixed pre-stimulus cue interval (200 ms cue),[200.0],0,"Correct trials analyzed; mean removed trials: Patients 33.5, Controls 21.6",Lateralized visual selection: Targets (green) in cued hemifield vs. distractors (red) in opposite hemifield; Exposure duration adapted individually in behavioral pre-test (10–200 ms),TVA-Based Whole-Report Task and EEG Visual Whole-Report Task (colored letters)
,,,,,,,,,,,,
,,,,,,,,,,,,
,,,,,,,,,,,,
,,,,,,,,,,,,
,,,,,,,,,,,,
,,,,,,,,,,,,
,,,,,,,,,,,,
,,,,,,,,,,,,
,,,,,,,,,,,,
,,,,,,,,,,,,
,,,,,,,,,,,,
,,,,,,,,,,,,
,,,,,,,,,,,,
,,,,,,,,,,,,
,,,,,,,,,,,,
,,,,,,,,,,,,
,,,,,,,,,,,,
,,,,,,,,,,,,
,,,,,,,,,,,,
,,,,,,,,,,,,
,,,,,,,,,,,,
,,,,,,,,,,,,
,,,,,,,,,,,,
,,,,,,,,,,,,
,,,,,,,,,,,,
,,,,,,,,,,,,
,,,,,,,,,,,,
,,,,,,,,,,,,
,,,,,,,,,,,,
,,,,,,,,,,,,
,,,,,,,,,,,,
,,,,,,,,,,,,
,,,,,,,,,,,,
,,,,,,,,,,,,
,,,,,,,,,,,,
,,,,,,,,,,,,
,,,,,,,,,,,,
,,,,,,,,,,,,
,,,,,,,,,,,,
,,,,,,,,,,,,